Omics,GeneSym,GeneSym_Revised,EntrezID,A2.A0CM,A2.A0D2,A2.A0EQ,A2.A0EV,A2.A0EX,A2.A0EY,A2.A0SW,A2.A0SX,A2.A0T3,A2.A0T6,A2.A0YC,A2.A0YD,A2.A0YF,A2.A0YG,A2.A0YM,A7.A0CE,A7.A0CJ,A7.A13F,A8.A06N,A8.A06Z,A8.A076,A8.A079,A8.A08Z,A8.A09G,AN.A04A,AN.A0AJ,AN.A0AL,AN.A0AM,AN.A0FK,AN.A0FL,AO.A03O,AO.A0J6,AO.A0J9,AO.A0JC,AO.A0JE,AO.A0JJ,AO.A0JL,AO.A0JM,AO.A126,AO.A12B,AO.A12D,AO.A12E,AO.A12F,AR.A0TR,AR.A0TT,AR.A0TV,AR.A0TX,AR.A0U4,AR.A1AP,AR.A1AS,AR.A1AV,AR.A1AW,BH.A0AV,BH.A0BV,BH.A0C1,BH.A0C7,BH.A0DD,BH.A0DG,BH.A0E1,BH.A0E9,BH.A18N,BH.A18Q,BH.A18U,C8.A12L,C8.A12T,C8.A12U,C8.A12V,C8.A12Z,C8.A130,C8.A131,C8.A134,C8.A135,C8.A138,D8.A142,E2.A154,E2.A158,E2.A15A
RNA,ACTR3B,ACTR3B_R,109134.6034,1.881424707,3.34215154,2.120880287,0.025161533,0.046113077,0.008948455,0.040673799,2.320741358,0.257598153,-0.857767162,-0.732902107,-0.950300454,-1.389265991,0.504490525,0.85108323,6.131615941,1.071566302,-1.114498114,-0.008948455,0.143454437,-1.091119921,-1.029630135,-0.18312879,0.044589652,-0.729490441,-1.003489622,0.203456885,-0.372720912,0.133638356,2.940294952,1.18781919,0.706164498,-0.940858101,-0.873062516,-1.864196744,-0.387377048,3.888454983,-1.411839125,-0.141088382,0.214319982,-1.223260798,-0.222230052,6.563281347,0.66995736,-0.446242188,-0.74012573,-0.114475243,0.909027605,-0.704861828,-0.385798827,-0.374131053,0.776443938,-1.0378579,-0.642467907,0.534500302,0.227323493,0.442137176,-0.741247263,-0.405834805,1.189455409,-1.061819671,2.642950911,-0.489838288,-0.515948937,-1.175310928,0.250319687,1.088593554,-0.700931922,0.662734969,-0.620932713,4.195149677,-0.990861229,-1.520840347,1.24486288,0.467144845,7.053734233,-1.729620116
RNA,ANLN,ANLN_R,63991.18301,0.96552463,0.521929998,0.055450872,-0.719938916,-2.618320573,-0.909442968,0.184628729,-0.229238298,0.502325631,-2.635910507,-1.426966877,-1.457385658,-0.182619043,1.515869704,2.157579761,0.611999915,-1.123127437,0.981259005,-1.798553039,-1.104570601,-0.30254429,0.511529916,-0.448402912,-0.055450872,-1.413734992,1.672498218,1.174911777,-0.233532286,-0.860430907,-1.188756043,-0.376261182,1.00268583,-2.134701821,-1.861012903,0.184899959,-0.989182096,0.624195033,0.761434077,-2.345071494,-1.345175053,0.69167935,-0.228102029,0.511372007,-2.235857426,-0.67995737,-0.463393517,-0.572842599,-0.228881516,-1.212942551,-0.464454923,-1.256745987,-1.070346945,1.753731662,-1.638360419,0.215119338,0.69717011,1.772932398,-1.079081274,0.590917012,-1.480432385,-1.999859335,0.582763226,0.574490171,1.898554332,0.505697273,0.083355422,0.601270965,0.273836135,0.197793853,0.396087238,2.125364906,0.88394117,0.71719217,0.142684487,-0.464585949,0.484576191,0.786482329
RNA,BAG1,BAG1_R,959.5806776,1.424888866,-0.813609496,0.912239837,0.132332901,0.56369678,1.0966334,0.094547653,-0.091384187,1.222686771,0.092304698,0.789515837,-0.003191854,5.119467425,-1.481236873,-0.725707638,2.809961958,0.571035777,3.3844827,-1.21975983,-0.437929869,0.731750575,0.362767479,-0.20018835,0.122841569,-0.080773324,-1.104980998,-0.844803338,-0.764342032,1.532689822,1.108606086,-0.173813466,-0.558036253,0.034968328,-0.523092973,-0.712992611,1.449190698,-1.03590167,0.068922962,1.096531458,3.566762658,-0.46616165,0.281161463,0.395337837,0.625484822,0.950947684,-0.207172335,-1.053649624,-1.764151497,-0.247277574,0.104008685,1.244613922,-1.071677054,-0.322434722,1.235284784,-0.134816421,0.549051942,-0.123585377,-0.270115828,4.670557767,1.516339601,0.439812877,-0.562709764,-1.008303663,-1.953857043,-0.33143293,-1.592677887,-0.856954568,-1.245715301,-1.524690784,-0.654291945,0.003191854,-0.749622417,0.994579377,-0.475014662,2.637738817,1.146937798,-0.146889589
RNA,BCL2,BCL2_R,393.2873575,-1.208442556,-0.672034756,0.665914059,0.516891339,0.637308229,-0.838484195,-0.50302751,-0.068994136,1.160715306,0.336622884,1.136288938,0.684950568,1.412199444,-0.834691319,-0.699909323,-1.25829283,1.490708336,0.347685267,0.718583919,0.66846183,-0.334586049,0.516547401,0.058836602,-1.32724868,1.881788187,-0.762789074,-1.253493006,-0.368254094,0.919813361,-2.220826343,-0.255880464,-1.166762193,-0.028398633,0.777673467,-0.914281297,0.584256709,-1.224454089,0.495888738,1.144854226,0.364556241,-0.956916821,-0.144948751,-1.291706155,1.402148027,0.126091623,1.438539793,-0.260788508,-0.269624469,-0.332534108,-0.271633353,0.944333799,0.452583804,-1.520900816,0.81987467,-0.082207705,0.681873721,1.416691983,0.037594138,0.920737639,1.119231485,1.08453246,1.35100796,-0.153584574,-1.577837614,-0.231570168,0.618366067,-0.116923749,-1.917160106,-0.190367919,-1.946608922,-0.973689589,-1.207405678,-0.969218348,-1.216362904,0.028398633,0.280789962,0.103069678
RNA,BIRC5,BIRC5_R,292.1691846,1.262241751,1.872930189,1.234139621,0.284135204,-1.584364461,-0.363790259,0.87371852,-0.337247722,1.674574582,-2.698401128,-0.493098801,-1.759953034,-0.57105521,1.437058087,1.447820659,0.798316449,0.739899627,0.70072413,-0.741473366,0.015643112,-0.106777072,1.751783705,-1.057256775,-0.015643112,-0.813615867,1.075744998,1.395896035,3.726581118,-0.67946881,0.549645602,0.079097912,1.621914349,-1.346234303,-0.872456674,-0.394138583,-0.609299432,-0.46447812,-0.471858071,-0.525322868,-0.807308925,-0.876074615,-0.185179375,0.801377411,-1.812098675,-0.097291654,0.523381016,-0.02970022,0.863762986,-0.542071174,-0.524121775,-1.35212055,-0.442987279,0.725346671,-1.004822631,-1.190658865,0.885203675,0.507073822,0.671422147,0.115900209,-1.822245104,-1.212731878,0.637186976,0.699468522,1.062696673,0.592141226,1.556342895,0.783014998,-0.613644825,0.959675481,0.380880639,1.863834668,1.30081872,-0.6803746,-0.05411836,-0.622749349,-0.391427324,0.359322345
RNA,BLVRA,BLVRA_R,712.6183666,-0.718614068,-1.044715272,-0.908315111,1.290325141,-0.09455304,0.166764953,1.674277928,-0.956240708,0.262301882,-0.691987891,0.700377399,0.203091811,1.768935604,0.251269723,-2.353051791,-1.705681243,1.699606442,1.451679404,-0.199724044,1.164821849,0.796088654,-1.441437459,-0.384119609,-0.009168816,0.374386324,-0.113495512,-1.091271584,1.560128943,-1.613364371,-2.05630781,0.117382737,-0.272446545,0.875795568,0.480882519,-0.122647457,1.066089839,-0.687397797,1.569073846,0.29812828,0.776258044,-0.032860729,1.807165812,-2.504869214,-0.053162779,0.009168816,0.493270087,-0.065176784,-1.647646981,0.318116965,1.070577559,1.590669505,-0.248180361,-2.371865185,1.206407486,-0.016648927,-0.492705649,0.668744724,0.830608643,0.240936254,-0.553993931,0.460728937,-2.039418449,-0.623967289,-0.737582641,-0.547777875,2.114324105,-0.287388476,-0.373050059,-0.320489405,0.621603596,-0.743790352,0.784862367,0.874895779,-1.969035222,0.770322949,-2.28016138,1.472171266
RNA,CCNB1,CCNB1_R,1078.640937,1.479345141,1.655339408,0.236198279,-0.368752854,-1.854167617,-0.893747676,0.364633783,-0.505785804,0.792840193,-1.986837516,-0.916522699,-2.123360518,-0.170422897,1.058541241,0.878025811,1.303798556,1.4073214,0.679139951,-0.903707931,0.290766454,-0.500901802,1.877654426,-0.988046616,0.571131471,-1.007630619,2.5744398,0.257559214,0.85556746,-0.032435432,-1.522167727,0.816376604,0.324596583,-0.519689669,-0.782083621,-0.150495239,-0.823467333,0.431750158,0.378162113,-0.566433282,0.183717872,-0.508979756,0.372042341,0.184754297,-1.172613366,-1.031627964,-0.369832446,-0.175067415,0.06635676,-0.142438774,-0.545995283,-1.249703678,-0.726352604,-0.014687746,-0.625648454,-0.015913791,0.788021008,1.360996468,-0.369884076,1.039898585,-1.259639443,-0.620595129,0.788885094,1.465842483,0.297461056,1.174781272,1.317895723,0.012170675,0.755020388,0.270189451,-0.012170675,0.899441468,0.772497914,0.208332103,-1.059565692,-0.4971834,-1.000388231,-0.049218009
RNA,CCNE1,CCNE1_R,888.056763,4.042524763,2.115312623,0.032081352,-0.825288674,-1.079001798,-0.298718076,-0.012712654,2.390708931,1.101786086,-1.104720602,-1.158529465,-1.026850161,-0.993925689,0.94385261,4.356033817,2.474139985,-0.76950784,0.604494981,-1.061866947,-0.53165516,-0.272519662,-0.277356578,-0.696825905,0.260126156,-0.403986489,0.527243638,0.745728982,1.019185097,-0.838676588,-0.171039748,1.047868056,2.13725028,-0.586819355,-0.17735303,1.670728368,-0.887352068,2.388543447,0.135050029,-0.201992984,-1.443508104,0.346233714,-0.386874,1.344753061,-1.315785686,0.180036764,-0.505499498,0.106204981,0.822006759,-0.066701808,0.012712654,-0.596805335,0.29517869,1.040369381,-0.985378738,-0.310222844,1.803457171,-0.016622009,-0.549315103,-0.0470991,-0.25132183,-1.096942913,1.484765639,-0.092140159,1.293588903,-0.569434159,0.404562065,1.81536995,-0.318930003,1.068195718,0.73564401,2.639602203,0.429500918,-1.052168341,0.521076466,-0.447643287,2.139368567,0.606441982
RNA,CDC20,CDC20_R,953.8279702,1.939186762,2.081320386,0.328743368,-0.380921708,-2.373263693,-0.588275025,0.559692759,0.484109603,0.258788573,-2.766050614,-1.16334344,-1.671008566,-1.317783821,-0.023570863,3.237872964,0.89191159,0.235253695,0.097773042,-1.386194985,-0.16043745,0.554416426,1.802733045,-0.873282302,-0.325410153,-1.613684304,0.73453397,1.494011784,0.285739504,-1.692602288,0.184633521,-0.137887258,1.656492385,-1.215348611,-0.687564134,-0.090433757,-0.973663544,0.584330335,0.63190209,-0.645225355,-1.243158682,-0.746839023,-0.779010609,1.311202111,-1.882823604,-0.407090849,0.023570863,-0.239913294,0.844334132,-0.867810801,-0.315769733,-1.864618609,-0.719412407,0.599313091,-0.924418053,-1.528577337,0.043548767,0.977521827,-0.55999993,0.44122948,-2.309216578,-1.746670503,1.001176846,0.206598614,0.033791173,0.948512732,0.969995977,1.46401332,-0.439400979,0.418472509,0.888987712,1.555891125,0.421201111,0.171287723,-0.633394693,-1.252154531,0.116065493,-0.279937477
RNA,CDC6,CDC6_R,1177.526343,0.173200594,0.687146058,1.006480569,-0.085525227,-2.10512521,-0.880000991,-0.668189653,-0.562489819,1.639891716,-2.833513461,-0.717582965,-2.366925507,-0.639200492,4.384293563,0.524023096,0.759503911,-0.33640239,1.42362502,0.099754775,0.399295894,3.229298974,0.610674549,-1.40969166,-0.067299054,-0.904284136,0.92170825,0.615907518,0.137520911,-0.599948165,-1.63916773,0.544791377,0.417912195,-1.655449779,-1.428436374,-0.721869082,-0.608960813,0.151929003,3.007705178,-1.726580888,0.667822195,3.432744102,0.002227954,0.811760183,-2.785835001,-1.110642976,0.907328953,2.698754928,-0.09163221,-1.629587759,-0.313090293,-1.117332564,-0.536969244,-0.020933107,-1.331012786,-1.065960372,1.819720215,3.980743412,-1.702322451,0.116222709,-1.485845537,-0.981482164,-0.169263751,1.424157634,0.994392105,-0.283702037,0.074898705,-0.330688711,3.220457988,1.249841356,0.048147651,-0.11083464,0.701398712,0.175126207,-0.002227954,0.208927311,-1.148948286,0.682945181
RNA,NUF2,NUF2_R,82371.34618,1.356375105,1.103313238,-0.035288164,-1.000860226,-2.560448628,-0.387831457,0.544907335,0.9591812,0.869746324,-2.63959543,-0.990586077,-0.966611109,-0.441092084,1.927040659,1.019560416,0.774465324,-0.039402717,-0.015166908,-1.749327606,-0.598179121,-0.331822329,0.251820325,-0.494305275,-0.372023162,-0.684540332,1.396288875,0.702494451,0.015166908,2.230949335,-0.732541463,0.781762806,1.252586027,-0.461834178,-0.484792022,-0.322092008,-0.81017139,1.566505264,0.511888098,-1.260670002,-0.784507645,-0.495445654,-1.090662862,1.737401914,2.869353501,0.237200662,0.031758213,-1.15893189,0.74883153,-0.893407151,-0.483998189,-0.319522526,0.037079782,-0.025568581,-0.300680816,-0.269663282,0.723523877,0.811630777,-0.424636119,0.830224393,0.838297786,-1.926923373,1.03251155,1.477251306,0.997027698,0.028813726,0.998186904,-0.366867082,0.240314074,0.924324892,0.427261124,0.806980633,-0.791973161,0.403699901,0.529357163,-0.729501528,-0.018045493,-0.122971606
RNA,CDH3,CDH3_R,570.6360126,2.541567125,2.268742862,-0.269852933,0.037716997,-0.039404053,-0.457744257,-0.25721494,1.236957369,-0.001477412,-1.070974977,-1.380133847,-0.044162866,-0.955941367,0.594183266,1.926434784,1.946707392,-0.498485394,0.917809025,-0.643480959,-1.787839887,-1.156124259,0.124626266,0.717357178,-1.253404609,0.659877765,-0.551092877,-0.569078771,0.764015814,-1.860898654,0.787112934,0.305286708,2.106299308,-0.13696312,-0.507572347,1.907339982,-0.014211011,1.136587196,-0.973726505,-1.428301038,-1.730107608,0.969531245,0.616465641,-0.018483774,-1.770035547,-0.627753637,-0.890249202,-0.827053578,2.198923116,0.001477412,1.034780911,-1.317267412,-0.66425702,1.551950768,-1.013658579,-0.450459782,0.157027085,-0.418127405,-0.089814353,0.063830023,1.131237511,0.02945928,1.562491697,-0.600442982,2.503849231,0.045709407,-1.343619701,1.468339598,0.368826994,-0.654836362,2.254334238,2.097863813,-0.362520688,0.448257617,1.492502003,-0.452246902,0.715707272,0.118790911
RNA,CENPF,CENPF_R,1297.908727,1.680549321,1.499344751,0.725569576,-0.77830432,-3.20031194,-0.29145541,0.209266031,1.657604732,0.88675419,-2.730209633,-0.10442092,0.189878974,-0.160893158,0.865913846,1.647882379,1.814821066,-0.639971459,1.093206437,-1.693080691,-0.60668006,0.015015689,1.57267151,-0.055295282,-0.272148278,-1.616291563,1.386006489,-1.032682778,-0.755803417,-0.672862988,-1.236429422,0.872798031,0.219228955,-0.695945318,-1.566829062,-0.448025111,-0.477724987,1.410590376,0.71247151,-2.052608801,-1.759727114,-0.119303745,0.005071138,1.591299638,-1.794776829,-0.334368318,-0.045842295,-0.371324221,0.843851286,-0.675642393,-0.213663421,-0.641546791,0.24494575,-0.005071138,-0.439217939,1.019530071,1.273841489,2.399058713,-0.708860628,1.443225392,-0.408177464,-1.735749109,0.95796063,1.691401424,0.242614348,-0.322044751,0.101066451,0.762540507,1.091094773,0.396070155,0.594657947,1.294846608,0.471084974,-0.956334078,0.157300551,-0.852562396,-0.510499564,0.53772569
RNA,CEP55,CEP55_R,62083.42452,2.055021467,1.511022677,0.649757248,-1.097130908,-2.613143228,-0.236813108,0.373529419,1.118622334,-0.116059781,-2.83948186,-0.641520297,-1.477239977,-0.323354596,0.763263743,1.546982913,1.26494554,0.092743478,0.73205076,-2.141864101,-0.27169919,-0.18349767,0.330248848,-0.82711761,0.321960714,-1.038867284,0.174038903,1.03148295,-0.098637836,-0.933551341,-0.505475668,0.693400407,0.749537985,-0.494411186,-0.591545523,-0.259556857,-0.925951775,-0.07815949,0.516208685,-1.293022907,-1.254829356,-0.749322232,-0.320096998,1.107014727,-2.632909534,-0.027053337,0.066685665,0.15260151,1.277636785,-0.379211942,-0.533424996,-1.177672667,0.210690564,1.60989155,-1.21446302,-0.430046276,1.448022665,1.672330783,-0.64893213,0.730990929,-1.843147558,-1.601132734,0.806649588,1.08790793,1.070880051,0.725377101,0.495473583,0.430432829,0.37074763,1.284027357,1.02092158,1.463243345,-0.036161809,0.027053337,-0.120111414,-0.891268465,-0.107391567,0.765114257
RNA,CXXC5,CXXC5_R,63637.0376,-3.564993573,-3.813361264,-1.637630546,1.439914745,-0.20217078,-1.244789594,-0.212985016,-0.959599873,1.063141032,-0.938993284,0.724993258,0.496157153,0.676988583,-0.396137862,-2.984528136,-4.159662044,0.983819743,1.101965487,0.617440669,0.82928884,-0.506942882,0.087753509,-0.29214169,-0.73685229,0.559839056,0.023908681,-0.754569684,0.286432174,0.124927118,-3.043351699,0.179306278,-1.167138074,0.490950643,0.201393013,-1.538198847,0.094294647,-1.64312187,-0.391790424,0.13074842,1.002446052,-1.775826061,0.890236668,-3.511354564,-0.030972144,0.033149199,-1.268925659,-0.281231398,-1.961698093,0.655389306,0.149371951,0.730353478,-1.572280642,-3.003913701,0.036213149,0.280300293,0.113077194,0.296352764,0.083973212,-0.023908681,-0.744520702,0.484601976,-2.731854625,0.602594144,-1.418683101,0.285667031,0.589460432,-2.225546162,0.436322235,-1.577615544,-2.281753584,-2.147280589,-1.713954948,0.547000535,-2.780030788,0.931982554,-5.423071052,1.022728578
RNA,EGFR,EGFR_R,1485.807189,0.511295002,0.19241218,3.975872295,-0.391764219,0.043447587,-0.89034388,-0.751442393,1.259147744,0.922368554,0.238172438,-0.648946484,0.488405806,-0.593865142,-0.596740036,1.150991024,1.613214237,-0.989913519,-0.489062746,-1.702999427,-1.437458503,-0.407205,-1.196058284,-0.143113083,-0.730899085,0.317860715,-0.908169873,1.187018894,-0.334690076,-1.187566106,0.701970513,-0.96230528,1.138282638,0.091626866,0.123905091,-0.123763056,1.096492953,0.434186336,-0.505819546,-0.967145896,-1.374704099,0.672651257,1.207974641,0.462600144,-1.304208157,-0.378889169,-1.39520182,0.265742355,4.170285768,-0.320884437,-0.691309188,-0.654358498,-0.041148214,1.793653952,-0.481327866,0.078577729,0.353491888,-1.18390316,0.54279678,-0.137228002,1.447228276,-1.184670006,0.888418839,1.742689103,2.928020089,-0.202513414,-0.810194683,1.606923482,0.452624551,-0.210837383,1.31683803,1.043938101,0.041148214,-0.280700241,0.836630626,-0.938453277,1.103033069,-0.750473908
RNA,ERBB2,ERBB2_R,1894.351083,-1.243178046,-0.808508701,-0.106525328,0.895978435,0.871778079,3.583311709,-2.053284754,-0.535931271,0.02292385,0.797621179,1.062260739,-0.046104564,0.08020063,3.965768953,-0.570065508,0.157034311,-0.695942938,0.735375791,0.818932027,0.617458858,2.841355954,-0.510582712,-0.02292385,2.650301787,-0.863514184,-0.156178754,-1.218895956,-1.272434654,-0.318739244,-1.005704083,-0.064655399,-0.615018289,-1.456488359,-2.338175726,2.472045802,-0.550019925,0.872946336,2.736081684,-0.198872857,-0.801825938,4.424287549,0.272739915,-0.218864503,0.545814465,-0.521423275,-0.745997201,4.110400193,-1.831090815,0.337815932,0.087725336,0.519375523,-0.180176473,-0.938953613,-0.059222485,0.249567436,0.766907171,2.371075933,-0.522558732,-0.437304316,0.675294909,0.424811206,-0.581533271,3.897901522,1.496062332,2.263180566,-0.534244995,-1.741811527,5.11136573,0.332941134,-0.762248359,-0.994723798,3.411290569,0.771601868,-0.170781089,0.376499008,-0.411438418,0.40299938
RNA,ESR1,ESR1_R,771.4190703,-1.585324877,-1.829551372,-1.141576238,0.445859552,-0.196170865,0.064712574,0.266555582,-1.325046942,0.441897959,-0.362561137,0.618021209,0.470812915,1.01538123,0.336979335,-1.854870707,-0.970010777,0.715018671,0.071339616,1.077396168,0.536613766,-0.130808642,0.866905209,-0.015918819,-1.1594367,-0.111948832,0.393924962,-1.786928903,0.629328126,0.925913933,-1.938998165,0.558548772,-1.555557531,0.008124383,-0.246543608,-1.578558866,0.596619277,-1.590942812,-0.267994415,-0.473500012,1.058052066,-1.588088988,-0.008124383,-1.925174544,0.96296474,0.036661163,1.11006087,-1.543130161,-1.586214201,0.280751694,0.436616694,0.776234218,0.231975182,-1.902818663,0.682146786,0.17366606,0.820806315,0.624824489,-0.176497864,0.270605642,0.6630825,0.958585609,-1.01587061,0.341530813,-1.454699993,-0.574344295,-0.105768797,-1.560568334,-1.879146766,0.009094786,-1.799846869,-1.782227931,-1.784288248,-0.884116472,-1.791530935,0.766354322,-2.003456614,0.051521978
RNA,EXO1,EXO1_R,10525.95371,0.625030326,2.048362669,0.34871895,-0.490394384,-2.75364718,-0.856504056,0.152380821,0.575844972,0.632811806,-2.724596811,-1.069914135,-1.658603953,-1.873974063,0.080037894,0.873389177,1.355813777,-0.010506077,1.100895231,-1.457473275,-0.748143263,0.002048126,0.615680201,-1.119890173,0.363189106,-0.656309348,1.731013052,0.818077473,0.315290627,-0.230230498,-0.596986482,0.73322973,0.413209192,-1.163246707,-1.721955385,0.292253254,-0.813412843,-1.634608074,0.390781427,-2.527215849,-1.684687614,-0.925645147,-0.13832028,1.369357273,-2.792588682,-1.298184922,0.128950557,-0.766818823,1.536562937,-0.808741525,0.187027391,-0.529869452,-0.201581539,-0.002048126,-1.304743086,0.162876612,0.233450095,1.57584568,-0.798408583,0.34618849,-0.893411031,-1.827422067,0.962491326,1.395872634,2.020043146,-0.473108268,0.420781028,-0.051891342,0.247702921,0.491195024,0.634751141,1.025842527,0.396163339,-1.418666891,0.17178616,-0.519162848,-0.181278526,-0.069289663
RNA,FGFR4,FGFR4_R,1319.483187,-0.728280906,-1.015409158,2.570468204,-0.764971298,-0.375383227,0.836414773,0.848066317,-0.562294152,-0.79415585,0.451990411,-0.978721262,-1.108675954,0.025368243,0.409655067,-0.017718456,0.281000586,0.049518468,0.637548452,2.332349176,-1.031093697,1.440574099,-0.298059002,-0.96774725,2.949860142,-0.545967347,0.5899151,-0.805360322,1.235635291,-0.33203765,-0.056297876,2.222909579,-0.417612625,-0.753092086,-0.77466108,1.132200993,-1.143656825,0.476218954,0.017718456,0.558420338,-1.023742574,1.208246238,-0.093258579,0.4536714,-0.648174459,0.969057186,-0.329539901,2.132777715,0.100969898,-0.789865867,-0.762870437,-1.063506173,1.244279751,-0.787325237,-1.051212334,0.332284564,-0.896508858,-0.652051948,0.326791454,-0.937374113,0.215980122,-1.028508244,-0.201013235,-0.479391436,-0.110079768,1.642431837,0.408623189,0.278854111,0.670779498,0.884417909,-0.380130631,0.224275167,2.462061658,1.033466121,0.820491486,-0.717228949,-0.486205068,0.125807576
RNA,FOXA1,FOXA1_R,5523.293847,-10.45223023,-9.901010569,-0.149043442,0.205077439,0.005057185,0.452492713,-0.218410547,-7.14937016,-0.034338457,0.28269404,1.437589399,0.141126058,1.717737856,0.659973425,-10.85813524,-8.022755168,1.471155524,-0.234973764,2.799487496,0.875500043,0.413406807,0.161478144,-0.409949549,0.628753306,-0.299030962,0.378743349,-5.92131752,-1.003545704,1.695383524,-6.756184705,0.746863655,-11.13895736,-0.725699668,-3.642421441,-1.374334581,0.90871388,-8.853478565,0.734509338,-0.718098855,1.872208243,-0.387576272,0.609389155,-9.132000807,2.426408686,-0.005057185,-0.42584861,0.724852761,-2.730802094,0.094957014,0.710233546,1.395928079,-0.51214616,-10.39412812,1.117536801,1.328694501,0.5645096,0.53785623,-0.11721246,0.800218246,0.540900494,0.754748265,-6.371423309,0.037464517,-1.411986075,-0.351598346,-0.026130644,-10.69469019,0.511749263,-0.321204958,-1.681393919,-11.29573977,0.107889111,0.052624241,-2.594796843,1.831730145,-9.695239583,-0.062802033
RNA,FOXC1,FOXC1_R,2127.598644,4.112352438,2.619800522,-0.723724288,-0.374669732,0.352761391,-0.382557054,-0.502558749,3.867985724,0.682179171,0.132083523,-0.796445203,0.92931436,-0.343643807,-0.578260978,3.751684099,3.784291545,-0.558039928,-0.279504671,-1.447356632,-1.466285699,-0.281341997,-1.191205438,-0.361901556,-1.040742738,0.804547137,-0.757648705,4.577069607,1.108174289,0.717751849,4.751948606,-0.90956211,2.728931378,0.59063725,-0.160873826,0.114815851,0.919860662,3.920590751,0.193872621,-0.146227515,-0.589334218,-0.098976037,1.038113927,3.586781716,-1.189810486,-0.512178506,-0.821694458,-0.459893437,2.006580996,-0.622876763,-0.560968472,-0.632722515,-0.650548418,3.111639793,-0.231089331,0.257033925,0.073527841,-1.092603399,0.253053036,0.829688311,0.859518337,-0.707901431,3.423279157,-0.789431146,1.211305987,-0.510129067,-1.157704931,2.044404905,-0.3776459,-0.073527841,0.920791705,2.51371998,0.286402306,0.257683693,4.413550654,-0.698319182,4.341542705,-0.148742568
RNA,GPR160,GPR160_R,32714.63795,-3.620123306,-3.87373847,0.399699753,0.359405271,0.655095247,0.509971383,1.041211796,-1.895801034,-0.314168463,0.018257639,-0.434115773,-0.306504907,1.34131092,2.010509698,-3.0940988,-1.993514246,0.543564815,0.624233547,0.767714075,0.369617084,1.320430891,-0.486876811,-1.210890352,1.451752912,-0.576037655,0.871124482,0.735958464,-2.100130554,-0.051403644,1.859847452,-0.633091886,-2.085950106,-1.070857919,-0.745414529,-2.164794891,0.866747028,-4.148636354,0.180231786,0.235913523,1.514540831,0.972397172,0.288471826,-3.769680561,0.844378655,-0.329334218,0.42916909,0.619498284,-2.625279142,-2.212054219,-0.088665913,-0.056075648,-0.226255301,-3.072326751,-0.016692203,0.016692203,1.120769352,0.263098214,0.101441711,-0.56813581,0.461584306,-0.284803297,-2.921192077,0.666200311,-0.337446434,0.182226406,0.688442717,-2.165283579,0.883658371,-0.505794973,-2.680039844,-3.710019125,-1.275892048,1.274336932,-3.992168564,0.252766505,0.426408001,-1.342886321
RNA,GRB7,GRB7_R,4438.279589,-0.182632537,0.273617764,0.073959465,0.197785921,-0.13392669,4.571502456,-3.012111836,0.383449134,-0.307626693,-0.519482728,0.211661924,-0.45341824,-0.242228924,5.127166404,0.889333978,-0.209069177,-1.558251439,0.420878824,1.708007581,-0.197410286,4.345642189,-0.757865459,-0.931676268,3.368286076,-1.684322157,-0.655999437,-2.017852518,-3.164952909,0.076345699,-1.070268697,-0.610900447,0.339001489,-2.699503716,-3.944681127,1.522042095,-1.041533757,2.44449336,3.848282056,-0.771991636,-1.194021205,6.615915083,0.110552454,0.139839873,-0.455068646,-0.723507533,-0.642965068,5.82757184,-2.513684192,0.030095287,-0.060269059,-0.680570436,-0.497134396,0.447600986,-0.340096456,0.117666998,0.055882761,3.453809437,-0.842852663,-0.585274688,0.171714571,0.633896815,1.224421975,4.960779981,2.671131796,2.188411894,-0.98179487,-1.892314425,6.825256786,0.443494174,-0.053621833,-1.909985395,5.168182631,2.277764504,1.222466846,-0.030095287,0.316829408,-0.349207163
RNA,KIF2C,KIF2C_R,11359.07452,1.360385535,2.45199547,0.684880816,-0.559203951,-2.208446559,-0.686527872,0.916621473,0.883889359,0.624084861,-2.633154409,-0.736503197,-1.589549416,-1.150945098,0.321381112,1.120214443,0.895373921,0.286114454,0.629466905,-0.890504143,0.250571948,0.021348071,1.95165497,-0.892969137,-0.228812008,-1.26805655,0.719969534,0.957123848,0.126510749,-1.738659055,-0.252097741,0.351259826,1.299440425,-1.59333924,-0.734001971,-0.239293531,-0.744869796,-0.34586793,0.506439172,-1.129789682,-1.09223719,-0.791667851,-0.146207677,1.402606239,-1.949754339,-0.120080957,0.794388272,-0.236156526,0.522737717,-0.321708253,-0.408850417,-1.394843891,-0.238654355,0.624790395,-1.106758132,-1.076020343,0.440697167,1.499288487,-0.784786206,0.624019213,-2.307472687,-1.463698284,0.667274019,0.75345248,0.411913882,0.634360242,0.904578004,0.713342854,-0.689718411,0.71883137,1.077126282,2.164545055,0.218601136,-1.033305358,-0.642977409,-1.195201821,-0.021348071,0.426373167
RNA,NDC80,NDC80_R,11732.57372,1.955987565,2.740441669,0.407211584,-1.301490379,-1.584978825,-1.093712927,0.519738107,0.269786027,1.052840084,-2.389379234,-0.888564111,-1.221146437,0.092338392,1.118992281,2.654145361,1.282727319,-1.216896332,0.059261602,-1.468153389,0.119529487,-0.491025335,0.846994912,-0.533852519,-0.582910504,-0.282146826,0.580046374,1.419151612,-0.582839326,-0.588927638,-0.374753764,0.141710116,1.021335821,-0.500142169,0.095162166,-0.273886537,-0.5890271,1.808709877,0.593521245,-0.391830547,-0.386147347,-0.030892808,-1.110107602,0.707672261,-1.724371469,0.095727928,1.236041778,-0.681746329,-0.087180494,-1.260343966,-0.523008886,-1.594064968,0.030892808,0.521417841,-0.86562346,-0.142370239,0.465605301,1.594895103,-1.300126492,1.148278223,-1.282574996,-1.093588128,0.978852328,1.567834984,1.010441269,0.609380171,1.36120055,0.914581147,-0.644165493,0.612278697,1.225644432,1.189795849,-0.74517672,0.55369025,-0.736196273,-1.335736829,-0.596203017,-0.062971154
RNA,KRT14,KRT14_R,1495.232876,2.045159495,0.088474421,-1.302358167,0.244523636,1.270648686,-1.114843858,-1.507653083,0.35674659,0.607866178,-0.892210059,-0.753841674,0.49397883,-0.094001809,0.117199353,0.477578691,0.427968459,0.261770147,0.202478402,-1.54964602,-1.35881824,-1.332601874,-0.390454619,-1.153144242,-0.376154318,1.343890702,-1.418966344,0.417375015,0.345846229,-1.55724912,0.454155065,-0.530629531,-0.553961576,0.516097865,0.262482209,0.044766739,0.926048116,-0.243421253,-1.25012251,-1.489735128,-1.55584607,0.001764801,1.424501882,0.875171598,-1.465084222,-1.535637339,-1.532729177,-1.013307548,-1.01659374,0.812504047,-0.471666588,-1.545068507,-0.678605394,0.150940816,-0.059918321,-0.159531889,0.290369558,-1.500445893,0.677592232,0.807389327,1.915508047,-0.584791585,1.389861462,-1.231053202,0.18919213,0.571972047,-0.727531319,0.771514144,-1.50047098,-0.001764801,-1.033067998,0.4266885,0.595219165,1.244249503,1.057404055,-0.287975484,1.211109181,-0.395894017
RNA,KRT17,KRT17_R,1208.89607,0.941655016,1.335738246,-0.961813262,-0.007748525,0.616826001,-0.812303761,-1.073602686,1.513527172,0.263546822,-0.662844715,-0.453236325,0.239033625,-0.106165893,0.007748525,1.685323465,2.191406767,0.410641391,-0.122798531,-1.142080003,-1.075867484,-0.917448126,-0.205520885,-0.562375197,-0.613414602,1.397232177,-0.915883471,0.686050557,-0.176635976,-1.129421435,-0.110137501,-0.4864695,1.021822134,0.14353187,0.807351403,0.614199627,0.3997103,-0.172775602,-0.670274803,-1.168189164,-1.189194093,0.196080097,1.108533775,1.516016631,-1.257997273,-1.155847699,-1.215354752,-0.880029078,-0.784729165,0.232461097,-0.212595615,-1.243505285,-0.495919093,1.652323533,-0.277863842,-0.273603544,0.295756254,-1.177290187,0.54870234,0.317569432,1.434494372,-0.785801695,1.184160584,-0.696643828,0.871788852,0.787882747,-0.510473608,0.408836157,-0.183578366,0.081412298,1.001487963,1.51953754,0.248857583,1.218926883,1.502891326,0.044500377,1.239046413,-0.21630248
RNA,KRT5,KRT5_R,1358.841366,1.765040937,1.707813745,-0.59098583,0.269874249,0.81353895,-1.071814857,-0.941375085,2.496788279,0.42054968,-0.650412491,-0.587428778,0.371798684,-0.079948545,0.177223905,1.715958289,2.409016865,0.337841096,0.141030281,-1.198390297,-1.117596938,-0.869713734,-0.346895287,-0.541768904,-0.265364227,1.303827624,-1.095908931,-0.518412049,0.304420975,-1.194383583,-0.474813995,-0.349403683,1.253261182,0.43118737,1.480105964,1.217660652,0.911264449,-0.828285487,-0.942929707,-1.092409252,-1.198390297,0.309685254,1.337723097,1.02221968,-1.18525113,-1.103816735,-1.1087524,-0.604088072,-0.681714225,0.550790058,-0.490783774,-1.144295988,-0.106127384,0.331809694,-0.217218564,-0.042678673,0.594904166,-0.759225578,0.722147415,0.70732521,1.846173889,-0.628863923,1.4469325,-0.896181393,0.950124196,0.520788778,-0.611183017,0.894892754,-0.652775662,0.042678673,1.004253874,1.797766536,0.407120432,0.980335749,0.327682302,-0.20301285,-0.823928402,-0.303671418
RNA,MDM2,MDM2_R,11306.42621,0.526635222,-1.807106293,-0.68149725,2.163494527,-0.084009683,-0.888522071,0.492137197,-0.382885097,-0.052152526,-0.933437614,2.086838217,-0.756121969,2.632874596,-0.467416746,0.736269176,-0.060993453,0.637037125,3.661995168,2.589986765,0.554473678,0.91422999,-0.416975034,0.000514288,1.125191761,0.129779848,0.163052056,-0.480509154,9.878232664,0.745103817,-3.587396706,-0.900651386,-0.506277884,-0.23933617,-0.000514288,-2.061032705,0.601644594,-1.900229896,-0.571555337,-0.152068996,0.06568083,-1.264884986,1.262085744,-1.238256279,4.56219335,2.314622799,0.1084478,3.301002084,-0.375433256,-0.649947445,-1.182506048,2.071885646,0.605718816,-2.027446175,-0.145711847,-0.257433936,0.231854587,0.589382264,-0.826288841,0.152790179,0.936196384,1.422242846,-0.090036565,-0.898914591,-0.549811642,-1.525385011,6.505528841,-0.612681202,0.371526803,1.047502541,-2.535660933,1.056373793,-1.749148437,0.153005923,-1.886552219,0.010974123,-0.167147323,2.278393533
RNA,MELK,MELK_R,9461.824424,1.808603005,1.134948699,0.771881042,-0.736748755,-2.106362626,0.396576005,0.338941632,1.159632147,1.575578012,-2.279206701,-1.064821922,-1.539399189,0.196924323,1.170045608,1.993567746,1.363741414,-0.746150352,0.207473209,-1.317563533,-0.973521915,0.235997511,0.201870988,-0.591529817,0.195051383,-1.146614681,0.519435844,1.145853565,-0.360775094,-0.670785861,-0.546089588,0.331924861,1.375956027,-0.744624237,-0.9444362,-1.080699627,-1.416169995,-0.489793604,0.801604759,-1.373431692,-1.543431485,-0.021735942,-0.58481577,0.729646239,-2.422621623,0.25136298,-0.605870559,-0.265920909,0.24949114,-0.976123782,-0.567374305,-0.954914644,-0.436655251,1.181476664,-1.142036169,-0.524493602,0.234836991,0.901239968,-0.798744371,0.155053021,-1.245472138,-1.604328054,0.871650287,0.543194155,0.366491239,-0.37513735,1.918176144,-0.069436725,0.211366128,-0.122194183,0.544967879,2.282508261,0.021735942,0.821805813,0.412345096,0.031621213,-0.515101794,-0.024589005
RNA,MIA,MIA_R,15375.31648,4.069466977,7.623942416,-0.739235435,0.407707696,2.386623396,-0.694787596,-0.636716953,0.426993438,0.79201563,-0.681603684,-0.584974533,-0.086414094,0.08341435,0.07257722,3.724626824,6.179682862,0.557574392,-0.012863777,-0.742725951,-0.467603551,-0.742137557,-0.557880594,-0.96076258,-0.638092784,3.254834459,-0.90457508,11.25617855,-0.192409636,-0.823479215,13.66059977,0.012863777,8.421547545,0.163651048,-0.298391901,-0.752006085,0.683081676,11.97294428,-0.96076258,-0.762009655,-0.240670754,-0.232206681,1.742953367,12.33381546,-0.903134071,-0.558970559,-0.890205973,-0.64955756,8.240013973,1.490440306,-0.463163392,-0.789968773,-0.524018797,6.773152604,-0.466410649,-0.108528565,0.631032644,-0.749993692,1.713429684,1.207106255,3.527235647,-0.564245245,9.396385858,-0.705672999,-0.665899642,0.094705387,-0.343488756,8.151153887,-0.798773494,0.146197263,0.637448892,6.83340925,0.40249722,1.166972524,7.451000139,-0.417619673,8.798399058,-0.189913083
RNA,MKI67,MKI67_R,4321.714492,1.136960402,1.044138105,1.141313341,-0.93116996,-2.377318419,-0.210429792,0.407866487,1.490720715,0.203124523,-2.417858249,-1.042602524,-1.195808889,0.190829519,0.751561197,1.735493627,0.577989939,-1.634696847,0.499700323,-1.717825816,-0.266315164,-0.381094147,1.376270226,-0.861879113,0.331823263,-0.685332545,0.194589694,1.20538533,-0.43431596,-0.67821714,-0.972152529,0.693744477,0.46810012,-0.935105897,-0.643687049,-0.428255715,-0.464664519,-0.761401906,0.207384496,-1.755847887,-1.524850228,-0.643626647,-0.091876086,-1.07817648,-1.973760923,0.185933689,0.203019529,0.091876086,1.050137906,-0.382014662,-0.936419504,-0.937270524,0.883051206,1.496469719,-0.562905658,0.139928215,1.56108437,1.719260866,-0.142407489,0.729811796,-1.27658117,-1.325281494,0.181673377,0.800745139,0.413627822,0.872119125,-0.190883671,0.686243003,0.664369844,0.591517739,-0.368028985,0.827840139,0.427546134,-1.364986183,-1.136689015,-0.271112505,-1.112044177,0.51334656
RNA,MLPH,MLPH_R,80360.56507,-5.667654069,-4.933212045,-1.098745597,0.469403769,0.269227107,-0.089899776,0.060883546,-2.960260653,0.504693325,-0.116387617,0.774576041,0.690833872,1.527384573,0.617721348,-4.360759411,-3.893307114,0.155547441,0.42184104,1.999357271,0.096756408,0.369407775,1.227914703,-0.409106008,0.075755444,0.302664219,-0.472873171,-1.591177021,-1.172924805,0.018069473,-2.312887404,-0.167120589,-4.124707499,0.706796951,-0.410632109,-1.0841868,0.93224503,-2.621443365,-0.108725409,1.062945215,0.912901408,-0.402243619,0.629660193,-5.204930749,1.911335547,0.114618374,-0.018069473,-0.094488385,-5.357146344,0.620130086,0.955975018,0.926688641,-0.600757963,-5.410739733,0.077929112,0.450815884,0.279200628,-0.377521554,0.211243353,0.896777576,1.465977838,1.038691176,-3.413169219,-0.889716733,-1.929245104,-0.464747257,1.384986092,-5.016444602,0.020446441,-0.869517474,-0.86696992,-4.115016904,-0.174748539,-0.319536521,-1.447050726,0.394355384,-6.222246828,0.313915912
RNA,MMP11,MMP11_R,2321.479575,-1.36376895,-0.601486533,-1.221121851,0.658664151,0.026082691,-1.551680959,-0.112955801,0.058752747,0.153822146,0.274182253,0.696345722,0.520796317,-1.255645166,-0.598428788,-0.810738326,-1.600237588,-0.180091703,0.155074427,-2.534390547,-1.301586261,1.009943451,-0.396382319,0.783860997,-1.522892055,0.92954639,0.616696129,0.522362449,0.265125239,0.035483332,-1.32761283,-1.1882481,-0.419630266,0.161375035,-1.873386617,0.794833602,-1.234177106,-1.554964562,0.815383629,0.184570238,-0.968900536,0.725975982,-1.537342354,-2.033708511,-2.908970346,-0.379751629,-1.818936927,0.477867628,-2.268403994,0.023920569,1.025910324,0.565173464,-1.684743691,1.232586806,0.025771924,0.430327931,-0.023920569,0.453185804,0.75539701,-0.393977169,-1.309703194,0.079203354,-1.30097853,0.793203848,-0.09821247,1.321584418,-1.304549767,-0.988651075,0.241190613,0.77546597,-0.100687531,-1.12946096,0.090059183,0.426250589,0.693120554,-0.199082088,-1.848257207,0.425850349
RNA,MYBL2,MYBL2_R,2907.898254,0.9727868,1.857079745,0.719013413,-0.611840978,-1.956447314,0.513833143,0.70993263,0.287845502,0.830511153,-2.338470352,-1.113013921,-1.297882868,-1.243071348,0.766646012,0.809785158,-0.017681606,1.041585779,0.919132842,-1.244010614,-0.8518404,0.523195011,0.65923019,-1.270311391,0.057057805,-0.931399421,0.559878293,1.186525872,0.673365867,-0.823432323,-0.13457964,0.563616388,0.34434361,-0.591433956,0.090698581,-0.615953992,-1.176229388,0.27914859,0.171583968,-1.009950308,-1.380301576,-0.427423478,-0.76235958,1.326646249,-2.275791088,0.221637681,-0.071087184,1.214371639,0.550130102,-0.661737902,-0.225811644,-0.534134465,-0.143058677,-0.245204349,-1.144271612,-0.521158155,-0.202011609,0.790235957,-1.047817276,-0.352226753,-1.04216262,-1.811311598,0.254886986,0.415445189,0.888550304,0.038607614,1.080191724,-0.209152313,0.017681606,1.092727204,1.07459115,0.811846756,-0.045157514,-0.823824849,0.950098387,-0.797695453,-0.568913066,0.554003118
RNA,MYC,MYC_R,4347.861678,2.308194776,0.716544197,-0.823024537,-2.008283405,1.111050683,-1.398190198,-1.914932774,1.012083865,1.152654056,0.447493008,-0.560495888,0.036512255,0.193808379,-1.141170298,2.006324977,0.786979822,0.888774267,0.334731208,-0.760818171,-1.188483838,-1.105296442,0.460964731,0.106347085,-2.531131523,0.720554822,0.414246818,-0.405044537,-0.796418133,-0.150265613,-0.250647435,0.544561695,1.547333989,-1.128643617,-0.064475471,-0.3032509,-0.693428454,-0.183886742,-0.50321632,-1.242201815,-0.343263964,-0.184743052,0.77033247,0.855900782,-3.331295439,0.659369275,1.361657007,-2.194332953,1.711765247,-0.920146938,-0.13152508,-0.453137029,1.177782463,0.310543691,-0.168756562,1.039119029,1.188044736,0.468195614,-0.386118162,0.138937696,0.459367957,-0.669880468,1.600048831,-0.036512255,0.330014103,-0.252988849,-0.581949348,0.965175986,-0.187973153,0.297899719,-0.806692868,0.205166441,1.302183547,-2.780503798,-1.059468053,1.478429905,1.983351715,-0.555406694
RNA,NAT1,NAT1_R,1.744203533,-1.253824365,-1.574599309,-0.739597035,0.217102999,-0.184753568,0.121586323,0.532736284,-1.3352069,-0.727059739,0.331682772,0.982228887,0.895810576,0.857928476,0.988844435,-1.530440224,-1.161166202,0.031045053,0.609268133,-1.375114145,0.914890854,0.371128688,0.504867085,-0.427545007,-1.143582357,0.359663174,-0.53486786,-0.996247172,-1.070126103,1.286034846,-1.216391309,0.229107375,-1.247092278,0.242690214,-0.087664191,-0.513419077,0.263645584,-1.065325379,0.415879634,-0.813815667,-0.511923967,-1.001761017,0.951276869,-1.47077255,1.113588279,0.100855529,-0.673828122,-0.741775957,-0.534155591,0.103925426,-0.031045053,1.165994026,0.056439613,-1.572693586,-0.137300337,0.661925949,0.797163054,1.147221409,0.078912271,1.279432361,0.660955201,-0.159267655,-1.155746635,2.356513555,-0.646438647,0.556011346,0.407235138,-0.830545495,-0.655312649,0.241299468,-1.032025541,-1.366977542,-1.036484408,0.159267656,-1.220341367,1.143955414,-1.396866667,0.381830696
RNA,ORC6,ORC6_R,26979.7968,1.438840395,1.549395462,0.973728403,-0.322328344,-1.955536132,-0.475002531,1.254326957,0.387199965,1.661386433,-1.809304612,-1.46471234,-1.741317153,-0.586519195,0.261612088,0.764842905,0.454306306,0.178685463,0.53195916,-0.821625271,-0.645072828,0.106509393,-0.309043907,-0.609271125,-0.450637159,-0.660548435,1.051736695,0.081223814,0.18262969,-0.832142129,-0.463055318,0.716530088,1.305913375,-0.716465869,0.067891108,1.228541774,-1.011485846,0.929695903,-0.141703875,-0.905006437,-1.455299104,-0.698787945,-0.822577576,1.524744648,-1.142471215,0.292759688,-0.239695571,-0.610148952,1.135505408,-0.99625438,-0.172317902,-0.186573417,-0.067891108,-0.604869977,-0.404889349,-1.188713988,0.238255346,1.017631358,-0.453511867,-0.325484172,-1.151516276,-1.46908572,1.289548312,0.481189434,2.225652929,0.684548742,1.531565439,0.410632525,-1.093312915,1.027647239,1.270983423,1.381523916,0.417013826,-0.40442926,0.827033955,-0.489215717,1.398828361,0.984287986
RNA,PGR,PGR_R,2360.517998,-0.747697211,-0.592396119,-0.763009725,1.898960864,1.452836139,-0.664226235,0.554998431,-0.608053855,1.92070513,1.313876217,2.282999352,1.732875773,0.764492146,-0.590453188,-0.75646671,-0.411951192,2.143681107,1.392464859,-0.74764685,0.962673915,-0.022205644,1.104734139,1.744631312,-0.740127185,0.159401428,1.760234228,-0.592143912,-0.702937628,1.891722345,-0.068111055,0.912272192,-0.806801417,0.471491163,0.022205644,-0.657213469,1.376243145,-0.721448314,-0.363663181,-0.297945442,2.13416217,-0.582317711,1.145948556,-0.642992445,2.166706804,-0.652177754,1.457264145,-0.600849626,-0.741245807,-0.049918698,1.507171023,1.484699158,1.100240971,-0.688739635,1.582858696,1.54863473,-0.256377611,2.30237631,-0.303501939,2.567786135,1.369133084,2.595079174,-0.057507268,0.820252294,-0.728002932,0.733575786,-0.541710174,-0.678319696,-0.735811864,0.457277907,-0.691467665,-0.683774295,-0.60480049,-0.657931153,-0.511293092,2.389574887,-0.798596499,0.578448956
RNA,PHGDH,PHGDH_R,17882.4368,0.196720841,1.410377344,1.014934684,-1.221332028,-1.203706559,-1.249315638,0.812907045,1.117349408,-1.654662989,-1.83103249,-0.866943042,-1.171397988,-0.572753844,0.353621566,2.630549228,1.94915606,-2.243201195,-0.975662894,-2.972022994,0.445015023,-0.037182061,1.475429318,-1.741419488,0.356049144,-0.187532491,-0.48936429,1.672733192,0.186076041,-0.465106088,1.845751043,0.371286245,1.080185185,-0.3993421,-1.444697883,-1.555198103,0.080908609,0.185505877,-0.893363163,-1.647065296,-0.426723436,-0.104010087,-0.685695558,0.114817396,0.037182061,-0.897226719,0.635000527,0.66285219,-0.575802322,-0.21135813,0.228126886,-2.182309753,-0.645506086,0.752304543,-1.590617064,-0.981409403,0.280691934,0.174354327,-1.306872691,-0.068300449,-0.281915505,-1.317726226,0.72906845,0.064944538,0.950702365,-0.610535536,0.537593034,1.228672256,0.41209889,0.195981173,1.146108173,1.081407884,0.442414991,-0.108458474,0.649793551,-1.026170961,0.850247512,-0.4875408
RNA,PTTG1,PTTG1_R,10581.10773,1.061435369,1.728636048,0.561973238,-0.205712807,-2.476374852,-1.215421057,1.272481889,0.038599438,0.116704435,-3.021720399,-1.110375809,-2.164178339,-0.507120469,0.12557837,0.906638455,-0.297566098,0.287263292,0.156609584,-1.89400013,0.077770508,-0.749358585,1.495135383,-1.605432991,-0.038599438,-1.252219981,1.776271628,0.1261259,0.776738947,-0.590166029,-0.178245752,0.658860227,1.672355493,0.344588526,0.416536561,-0.121137814,-0.902420471,1.892580188,0.732014408,0.112962273,-0.235029011,-0.754480512,-0.106682492,0.430889684,-2.49388943,-0.841983781,-0.40820298,-0.16759663,-0.155950238,-0.755138609,-0.505441484,-1.966954495,-0.312003313,0.056262776,-1.044150683,-0.577906949,0.46889562,0.923401428,-0.790948084,1.162122022,-2.407082271,-1.283701153,0.549041237,1.608902856,0.118150744,0.78034756,1.181778993,0.266485349,-0.233154481,0.54976983,0.138668196,0.84966666,0.150625828,0.71336681,-0.841173299,-1.229073833,-1.571829058,-0.780732285
RNA,RRM2,RRM2_R,6910.206847,0.951837642,-0.176603721,0.554921594,-0.874720708,-2.298749832,0.082118264,1.031802328,0.175538952,-0.733978951,-3.095228577,-0.443217329,-1.326639033,0.389657385,1.524719309,0.908233467,0.204447105,0.616748078,0.95281179,-1.75647453,-0.317164196,0.571933857,-0.02438384,-2.04915504,0.816682437,-0.635812233,0.736842931,0.836614568,0.807687123,-0.92510667,-2.532743604,-0.036489173,0.680956173,-2.246739925,-0.50951976,0.027247806,-1.130494471,-1.567598257,0.658883158,-2.646820652,-0.811155413,0.147297056,-0.36461045,0.125424078,-2.780411722,-0.235771246,0.399951748,1.612238131,-0.347397099,-0.035051784,-0.477403437,-1.585505766,0.18893846,-0.474177348,-1.759685516,-0.089248894,1.649887943,0.02438384,-0.53437545,1.067700876,-1.431723075,-2.275135586,-0.12061443,1.536905719,1.224219863,0.671373374,1.998920852,0.791312802,0.973525531,0.671973022,0.115360073,1.362766939,1.409220796,-0.744530061,-0.622915621,-0.523711264,-1.0516876,0.680225563
RNA,SFRP1,SFRP1_R,2165.011545,1.066415876,1.492602452,-0.70577757,0.264088441,1.039013167,-0.252268762,-0.420865905,0.941155664,0.621806359,0.552518245,-0.199828751,0.62304502,0.151900444,0.288827333,1.258458557,1.715710675,-0.107481869,-0.055387169,-1.017081065,-0.863644315,-0.676977513,-0.747305397,-0.474175014,-0.289567367,0.48455906,-0.962355938,1.268164117,-0.246416964,-0.733862062,2.08031656,-0.08655536,1.008921984,0.734067596,-0.21337996,-0.313873521,1.323269185,1.727137223,-0.461793697,-0.663875449,-0.755366506,-0.158973355,1.423708352,1.849393297,-0.357501429,-0.301193745,-0.895444314,0.900051326,1.769412723,0.661023018,-0.795938453,-0.402481515,-0.103900084,1.788960274,-0.122933048,0.105595029,0.809709535,-0.811055485,0.983009647,0.908279177,1.401985167,-0.559978576,2.415975833,-0.748869681,-0.533655547,-0.84812679,-0.918905874,1.871394742,-0.565309411,0.055387169,1.101952031,1.827886768,0.976964875,-0.19317382,1.087499848,-0.294448323,1.557975087,-0.481010099
RNA,SLC39A6,SLC39A6_R,13680.68123,-1.134918523,-0.020010971,-0.603976871,0.410775803,0.411554157,0.020010971,0.150367894,-1.076365687,0.896876215,-0.166326649,1.564829844,0.26018088,2.502244577,0.537984703,-1.102094964,-0.089655721,1.596568902,1.496624955,0.230718064,1.939459344,0.038189589,1.368807534,-0.163857233,-0.362608894,1.428557917,-0.38425102,-1.271718878,-0.168156842,1.827175064,-1.489041484,-0.085412148,-0.752401779,-0.102529496,-1.257804853,-0.056563217,1.623267407,-1.257516483,0.238762393,-0.546709143,1.174410753,-0.839742739,1.498533123,-0.627852483,1.483480882,-0.091106058,0.830565335,-0.189520629,-0.422307392,0.675957628,0.281728838,0.865005704,-0.736919143,-0.964147406,2.121613537,0.232095536,1.739405219,1.701403222,0.630585135,1.702163882,1.93282052,1.567823162,-0.206428851,-0.032252456,0.109049652,-0.499600333,1.909457389,-0.837405919,-0.673892767,-0.74445385,-0.986114892,-0.618952355,-0.715609279,-1.574997489,-0.935406073,0.678976969,-0.706453954,1.465886013
RNA,TMEM45B,TMEM45B_R,71275.8627,-1.395529222,-1.117895091,0.173825373,0.703654775,0.622721737,0.310042747,0.14497212,-0.939270809,-0.894542415,1.418948839,-0.457968316,0.557862292,0.287569743,-0.507422708,-1.196282276,-0.832411399,-0.046615368,1.330233115,0.594996862,-0.116504661,-0.317203887,-0.510773543,0.366235288,1.760992255,0.444192365,0.478788413,0.046615368,-0.246387927,0.103107821,-0.832948005,-1.080636599,-1.467164873,-0.296620594,-0.209664699,0.530774445,0.608963123,-1.153559761,0.379175947,1.482031397,-0.507360477,1.308408266,0.810351518,-0.989331782,-1.215779373,-1.185203534,1.691648723,1.198712282,-1.334201936,0.529900385,0.592147074,-0.277558412,1.292192081,-0.62741676,-0.679823459,-0.265634686,-1.036147241,-0.926196199,0.44438703,0.784508557,-0.781602801,1.312766774,-0.810786039,0.826250924,0.889547091,1.272836548,-0.777718217,-1.132458981,1.158557556,-0.516450854,0.60342465,-1.216809458,1.671213303,0.307352193,0.289483059,-0.291902794,-1.244821733,-0.53300191
RNA,TYMS,TYMS_R,7694.407028,0.932243055,3.498507787,1.651692456,-0.841718287,-1.61784027,-0.96395756,0.34897569,0.526562563,-0.714401283,-1.895683172,-0.52174767,-1.139634008,0.160065841,-0.297905242,2.215501838,0.513515799,1.098433959,0.986674358,-0.518395757,-0.752823289,-1.217132341,1.819045683,-0.575417152,-0.404642306,-1.696830643,0.233918054,1.007807767,-0.531807911,-0.923289994,-0.963108424,0.34876561,0.767147781,-0.302341828,0.004281197,-0.435602989,-0.100770852,0.60616088,0.688420992,-0.759737581,-0.201998961,-1.076888039,-0.822584526,-0.09134596,-2.12662132,0.044042769,1.208190467,-1.253733792,1.681206201,-0.907096793,0.191857197,-1.394359299,0.128609615,-0.001102484,-0.560105839,-0.293555365,0.373413277,1.421391281,-1.362460078,0.967109873,-0.512922861,0.001102484,1.930869852,0.251929039,0.756664669,1.36293262,0.728549704,1.124111602,-1.552729092,0.133684636,0.650674925,1.207838362,-0.642531106,0.183001507,-0.56115035,-0.114800599,-1.427340101,0.224397563
RNA,UBE2C,UBE2C_R,9316.481407,1.417643854,1.520439894,0.695335945,-1.043923249,-2.676602548,-0.336336952,0.819266347,0.437762287,0.010725833,-3.233062649,-1.13211032,-1.47218725,-0.440834237,0.068949161,1.012812807,0.279203778,0.329288828,1.031608241,-1.515603612,-0.566474243,0.613163594,1.659401353,-1.331731613,-0.397835754,-0.779075528,1.612103008,0.725103666,1.105682085,-1.211991576,-0.136007533,0.362612288,0.478408788,0.048003769,-0.827501342,-0.229935546,-0.803653006,1.614021325,0.594201557,-0.258891217,-0.871481885,-1.168319492,-0.009564157,1.787916065,-2.26929876,-0.227668873,0.527978888,-0.216946415,0.757462374,-0.324866692,-0.762312135,-1.539384265,-0.639588738,-0.379236856,-0.756269327,-0.903745954,0.411645401,0.423266012,-0.634513879,0.406634534,-1.660167723,-1.669514356,0.329994413,0.642954114,0.669237379,1.295657096,1.369358085,-0.46928051,-0.321704504,0.93480983,1.196664488,1.180892003,-0.07031068,1.246391014,0.009564157,-0.861412872,-0.441536134,0.715558761
RNA,UBE2T,UBE2T_R,33932.03076,1.014374753,0.376704706,0.969779467,-1.199842078,-2.735879587,-0.559331293,0.892426254,-0.674056431,0.227312363,-3.410534142,-1.154292326,-1.376695725,-0.135908488,0.473385548,1.053015052,1.089799804,0.712198277,0.059389779,-1.307635623,-0.364612969,0.008017309,0.909615771,-1.050263319,-0.394203171,-1.989189536,1.457232269,-0.434534216,-0.113887687,-0.045420666,-0.1546134,1.147960083,0.301190459,-0.270470076,-1.603485172,0.082481885,-0.836178296,2.731360778,1.022622925,-2.158261969,-0.008017309,0.029798615,-0.170252587,1.879847609,-1.669786312,-3.74178942,-0.011955739,-1.217885817,0.031536181,-0.769174716,0.337103571,-1.031099955,0.086724202,-0.164573526,-0.775313385,-0.167413546,0.995109792,1.40777861,-0.190048363,0.90999912,-0.957527345,-1.874594899,0.556615241,1.334063105,0.935320303,-0.29283322,1.411368279,0.172679818,0.145405099,1.383109332,0.565129411,1.70981887,0.200059468,-0.332084908,0.178202419,-0.520384796,-0.581937877,0.075791211
Protein,ACTR3B,ACTR3B_P,171387.0425,-0.647206429,2.004939939,-0.188092479,0.898260852,0.260295544,-0.412806322,-1.311532506,-1.051469467,-0.003011388,0.076094469,-0.193199792,-0.045441602,-0.027811193,0.277167963,-1.131004919,1.491867715,-0.244790034,-1.288830889,0.595192763,-0.394077735,-1.359706787,-1.13007261,0.310785862,0.45298954,-1.630897332,0.414903227,-0.811189475,-1.650139922,0.33719924,2.270176619,-0.145703544,0.34415717,0.003011388,2.074379453,-0.939470468,0.33391698,0.226284484,-0.534528794,1.878244648,2.016065815,-1.10918058,0.039723051,1.648456822,2.243914489,-0.059841908,-1.376129305,0.170929937,-0.647899195,-0.809918555,-1.0458705,1.536243106,0.011359973,-0.999699729,-1.810811238,0.632055955,0.983572125,1.647552208,-0.385925152,0.044091487,1.598604602,-0.810188167,0.220679114,-1.002553944,-0.94671407,0.083292215,-0.611549945,-0.328524537,0.76143209,0.157434846,0.133212477,1.090557232,-0.719940902,-0.521940382,-1.338122813,1.287872072,2.11928859,-1.347351361
Protein,ANLN,ANLN_P,96791.05622,1.463459437,1.471079483,-0.040861036,-2.03342365,-0.813604739,-0.223222739,0.334259686,2.340886409,0.738318437,-1.885535083,-0.387738235,-1.571424095,-0.165710712,1.37386484,2.392479956,1.366051954,-0.682325525,0.528595468,-1.123721977,0.18794789,-0.402863004,0.951256967,-0.29968873,-0.867530873,-0.037637184,0.826686453,1.625360064,0.106657759,-1.084469412,0.151676272,0.037637184,-1.192838292,-0.531533907,-1.198061875,-0.12037455,-0.346050235,1.349329812,0.211236405,-0.743054556,-1.143060993,1.099356491,0.315173859,1.218806497,-1.397299033,-0.202327959,0.08530899,-2.458544447,0.213629044,-0.995701578,0.071147455,-0.284390682,-1.369279498,0.2089344,-0.646717821,1.020915468,1.895675237,0.449366148,-0.273334615,0.373896374,-0.495002737,-1.027473807,-0.400528452,-0.188841202,1.934655521,-0.059611919,0.675198839,0.960175481,-1.176205462,0.470465157,0.967435895,1.630372051,-0.971065834,0.903945314,-0.65495798,-1.328367916,0.370888391,0.703342396
Protein,BAG1,BAG1_P,1569.108527,0.141370574,-1.64375059,-0.136724125,0.026502084,0.220096766,0.246128042,0.514888641,-0.707879385,0.850738431,0.949701902,0.462092517,0.329480863,4.077065695,-0.710362652,-0.798609311,2.36560161,-0.292712167,2.751877941,-1.243777235,-1.288312389,0.43817207,0.319365624,0.939113145,1.298283734,-0.309787292,-0.16273385,-2.323408154,-0.621064394,0.806021985,0.218499297,-1.028333847,-0.22963298,0.9355872,2.266746262,-0.040139331,1.211415211,-0.641438473,-0.123117335,1.97553612,3.822625355,-0.772505356,0.43013851,-0.231165072,0.480361351,-0.217140865,-0.836997311,0.180334722,-0.940618512,-0.026502084,-0.771010341,-0.132990845,-1.201387518,0.244693528,2.683095958,-1.876856164,1.04084091,-0.664643639,0.221691752,2.898427467,0.262056109,0.810658422,-0.279354261,-0.037314267,-1.880766084,-0.249249241,-1.831368181,-1.161546432,1.098539336,-1.206843738,-0.791608013,-1.332538916,-0.516931304,0.361395555,-0.690556178,2.963442575,1.161371175,0.119517731
Protein,BLVRA,BLVRA_P,1412.497273,-1.109553713,-1.040920446,-1.036041797,0.87361077,-0.171788139,-0.320510632,1.152624572,-0.635240542,-1.050490939,-0.386601885,0.729725614,0.990182026,1.358765002,-0.282644083,0.027287949,-1.236328563,1.638879575,1.182035344,-0.257004582,1.233395544,0.144089481,-0.41609612,-0.027287949,0.483225633,-0.423781661,0.53981313,-1.979880152,0.363543165,-0.203515504,-1.988161602,-1.144927857,-0.171907108,0.447632011,1.806835914,-0.640959003,1.34662665,-1.004406173,1.133247961,0.249463518,0.784968762,-0.127161874,2.492373748,-2.52177436,-0.240959447,-0.516953902,-0.790837654,0.863895765,-1.752852144,0.549507701,0.713728508,1.186925684,-0.426151117,-0.749713316,1.167345408,-0.1083709,-0.951235971,1.485521467,1.241946779,0.040506388,0.077702998,0.227816143,-0.792038681,0.458392722,-0.437436151,-0.091299576,0.826450157,-0.510132876,1.061423751,-0.699908986,0.075972613,-1.136840612,0.607043436,0.10999032,-0.731659677,1.417591076,-2.220530564,0.849214414
Protein,NUF2,NUF2_P,176757.252,0.310187392,2.197539878,0.097037528,-3.124251904,-1.939974056,-1.012864068,-0.088531962,-0.092542693,1.049010892,-0.193403978,-0.333573652,-0.701075183,0.533510185,2.459990693,-1.021189457,1.05987341,-0.621700651,0.32061447,-0.795143768,1.049449952,-0.38065599,0.450280786,0.04239379,-1.422510472,-0.077766128,-0.712415533,1.639844189,-0.621201793,2.257709798,0.044798699,-0.019326145,4.977996614,-0.558548008,-1.249308389,-1.155280451,-0.192418653,1.126960316,0.883548431,-0.153041954,-1.250092062,0.353738571,0.327576986,1.451567616,-0.847094287,0.19942997,1.221456588,-1.579469672,-0.015391121,-0.338724052,0.015391121,1.118649212,-0.84289816,0.457849661,-0.679815324,1.258846436,2.021857661,0.799841518,-0.502629273,0.82967252,-1.042159309,-1.00520303,-0.991833997,0.399380167,1.135373872,0.740492032,0.398517133,0.310256305,-1.563289779,0.279788633,0.722566534,0.619740678,-1.851133257,0.740880961,-1.177191054,-1.712533297,-0.489340987,-0.558126477
Protein,CENPF,CENPF_P,3993.05899,2.655917603,2.712673268,0.081298771,-0.122858383,-1.978255111,-0.815133056,1.028742161,2.326191153,1.459187193,-2.380168912,-0.111522035,-0.351642875,-0.444174846,0.621747808,0.650556756,2.854014436,-0.699540742,0.946617396,0.039514916,0.610558637,-1.364698011,2.541169266,-0.122023887,-0.996396753,-0.547762563,2.386109814,-0.80979963,-0.233492589,-0.443467558,-0.039514916,0.801437167,0.238365561,-1.244183136,-2.299639648,-0.556983697,-0.289638671,1.765887294,-0.128548118,-1.610437859,-1.647250261,0.645483784,0.175808113,4.136381471,-2.605382349,-0.945489407,-0.138968523,1.276828006,1.337949589,-1.394854932,-0.236299885,1.931281957,-2.210966237,-0.646739015,-0.244316275,0.78183225,1.208968304,3.736343011,-0.665225025,1.0470308,0.620537305,-1.464327308,-0.14804686,-0.225304923,0.564120978,0.470881592,0.094459037,0.645505044,0.142613188,0.469322463,0.837415231,2.675475461,-0.319247663,-0.068538022,0.075431081,-1.749488777,-1.252614725,0.203565891
Protein,EGFR,EGFR_P,3511.449181,1.06463343,0.730809066,4.646473605,0.321012082,0.623175872,0.018157327,-0.932898786,0.485480707,0.083212101,-0.124472437,-0.762234364,0.023210415,0.650164085,0.868714693,0.558082268,0.642022945,-1.300203701,-0.236525462,-0.769327399,1.073531673,-1.133965945,-1.248827631,-0.662566649,-0.667517654,-0.250770873,-0.734903683,2.845698066,-0.613757022,-0.508415607,2.732737786,-1.890136964,0.825548971,-0.081595319,-0.950724782,-0.212345824,0.503713904,-0.247176484,-0.1475381,-0.841027786,-1.005050258,1.062692718,0.03104952,0.667921704,-1.908352152,-0.749318661,-1.13876053,0.855542463,3.677500731,-0.427031147,-0.74646931,0.071682773,-1.145668025,0.958858359,-0.943893715,0.833490576,-0.018157327,-0.856508074,-0.041541203,0.837503009,1.232742143,0.514555327,0.299498804,0.269720382,2.076482231,-0.617282914,-0.807125092,2.060236537,-0.258909219,-0.290189474,1.760830434,1.864509818,-0.115935238,-0.238876068,1.067068603,0.018793726,1.16038853,-0.733895679
Protein,ERBB2,ERBB2_P,4385.050036,-0.487349591,-1.240465289,0.263344113,-0.889658167,0.835174364,4.634197043,-1.793753983,-1.732726957,-0.506580334,-1.101850939,0.37829272,-0.741742059,0.129347785,5.264754375,-1.07153981,-0.156021224,-1.404323085,0.71000505,0.444827576,0.068131996,4.019970137,-0.152953507,-0.739630934,2.858934696,1.010832415,-0.51849654,0.091884502,-0.826268338,-0.952136106,0.398950023,-0.390208898,-0.630047594,-0.39234795,0.235256892,3.527003721,0.736387207,-0.202559084,4.435972012,1.501221695,-0.424319554,6.776833824,0.11050882,0.454178712,0.311857562,-1.047087956,0.195520852,2.882402652,-1.244075086,-0.653276694,-0.404358404,0.516822874,0.492277018,0.815431331,-1.071011873,-0.554362616,-1.144288565,1.933653466,-1.15106749,-0.116217049,0.279016203,0.603066249,-1.333134801,4.015079514,1.822987704,1.507625315,-0.578368478,-0.068131996,6.464502441,-0.219804087,0.484358345,-0.940856003,3.929334519,1.730204179,-0.528302153,-0.79738587,-0.744127453,-0.403401572
Protein,ESR1,ESR1_P,2166.238548,-0.749143405,-0.992537932,-1.120814327,0.780564029,-0.248951506,-0.650082636,0.022082774,-1.151815404,0.306774124,-0.429056422,0.751473498,0.195027745,1.100414317,0.661514195,-0.738153423,-1.061478107,0.783050194,-0.038629929,1.931399152,1.131673891,-0.427261533,1.564273343,0.416005678,-1.961059119,0.25797932,0.131201016,-1.452423197,0.960145236,1.012894778,-1.786169674,0.620245327,0.241640849,0.738235007,1.497237021,-0.960292483,0.743137985,-1.137587102,-0.452533578,0.185837944,1.958778666,-0.570833651,0.20241283,-0.816604523,1.633122222,0.009808229,1.850924701,-0.207753258,-1.306143298,0.296299806,0.625469021,1.262353461,0.174924106,-0.508381288,0.175625812,-1.72214343,0.767749127,0.676473342,-0.45907641,-0.214605674,0.464123687,1.246549822,-1.247706548,-0.204093432,-0.779058643,-0.009808229,-0.330974413,-0.850271711,-0.55047812,-0.15826585,-0.783600238,-1.594759339,-0.118751196,-0.628715097,-1.11735721,0.822070678,-0.934635453,0.105753061
Protein,FOXA1,FOXA1_P,6942.441376,-2.197440467,-4.042656009,0.168926505,-1.10601849,-0.346931906,-0.436801857,0.194715299,-3.640547743,-0.782694437,1.138520232,0.658194712,-0.415168284,0.250369897,0.65956688,-3.381888189,-2.313376346,0.850378925,-0.06310831,1.024468905,1.303448342,-0.040843158,1.177606073,0.825480342,1.186770955,0.591817645,1.828195006,-2.445995787,-0.649253651,0.885238766,-1.857084406,0.962668784,-0.179759485,0.596129765,0.306927458,-1.027873039,0.682217155,-3.356402069,-0.004695566,1.177142063,2.01105903,-0.122906645,0.108053843,-2.921319008,1.969498275,-0.220624341,0.122707813,0.009698927,-1.680798072,0.032573766,0.175430409,1.88877171,-0.240591841,-1.317416503,0.747881483,-5.004468173,1.28442531,0.8508959,0.092817669,-0.108930945,0.051199349,0.439651941,-2.780841456,-0.198828968,-1.079103522,0.004695566,-0.438999192,-2.671265228,-0.199581617,0.575512975,-0.73349151,-2.397349033,-0.396788151,0.291243919,-1.781012245,0.519196042,-3.07927235,-0.286853161
Protein,GRB7,GRB7_P,7164.409678,0.113136161,-1.016107561,0.071806082,-0.740738846,0.383972844,3.481665613,-0.591596278,-1.379246682,-0.652039919,0.007819594,-0.34629807,-0.359686938,0.001751206,3.626769094,-0.740634147,0.141706975,-0.804291787,0.281063977,0.87113581,-0.303271871,3.15103782,0.791738328,-0.326090843,2.759353738,1.00923142,-0.889466453,-0.440828866,-1.789328054,-0.403794727,-0.157369185,-1.101889998,0.337276935,-0.537592461,-0.619106272,1.036462682,1.262061767,2.624165961,4.850915415,0.449066974,-0.664847139,7.47988043,-0.001751206,1.016244863,-0.95077821,-2.536954446,0.290414257,2.730944429,-0.923925018,-0.537442625,-0.673972503,0.308775419,-0.253182469,1.56998065,-0.217369315,0.027575465,-0.899169891,3.416880104,-1.15413597,-0.401439842,-0.240526841,0.013059497,-0.047453655,4.624159143,2.199637211,1.259966477,-2.113069405,-0.319237915,7.496586532,0.276137507,0.831756954,-1.212040268,4.888232461,1.985698102,0.043400965,-0.208703912,-0.117898757,-1.074909367
Protein,KIF2C,KIF2C_P,25426.78769,1.706552973,3.270112818,0.765362794,-0.462735577,-1.277142538,-0.341223926,0.802778501,1.785161207,1.246854572,-1.812198507,-0.136170789,-1.307539977,-1.057845581,0.979283928,-1.106365619,1.365193886,0.358502335,0.336411782,-0.572093374,-0.13410127,-2.222392705,2.328240647,-0.597831383,-0.238866713,-0.517596982,0.307231356,1.084732069,-0.109144972,-1.910851496,-0.080724695,1.121926504,0.114905182,-1.192025622,-1.600629348,-0.119038229,-0.285864034,0.034355851,1.420539389,-2.337566506,-0.973028402,-0.43236569,0.043616367,2.337211306,-1.714751713,0.169378095,0.702726679,-0.449791217,1.253370175,-1.298458159,-0.318776616,0.125334076,-0.612730316,-0.132546303,-1.586350873,1.784374067,0.213433894,2.783576622,-0.351495623,0.243300592,-0.076638726,-0.789995014,0.331278141,0.243118764,0.730019565,-0.034355851,0.761351709,0.751353428,-0.199103115,0.695544447,1.476228444,1.828996649,0.695144841,-0.823674084,-0.789322333,-1.625628423,0.178482013,0.426452875
Protein,NDC80,NDC80_P,27285.60243,1.758850425,2.681286183,0.398651371,-0.737934222,-0.959367646,-0.438722593,0.561990167,0.686855565,1.414742824,-2.549333125,-0.47062748,-0.274647671,-0.036457535,3.018410632,0.761527874,2.020762439,-0.84532719,0.842274033,-1.700286967,0.287089863,-0.787191464,1.642557361,0.470753477,-0.576746357,-0.056887819,0.369868116,1.371280994,-0.558876965,-0.582624041,0.511037126,0.031121838,-0.985343434,-0.655871639,-0.821970824,-0.743438771,-0.542732618,2.087698933,0.721891988,-1.432545866,-0.987752228,0.182012724,1.299841787,2.228023729,-1.172361481,0.118622708,2.070163233,-2.075902682,0.58051736,-1.594885099,-0.575446113,-0.406206881,-0.502057537,-0.44274497,-0.782021484,1.467106798,-0.113796093,2.456241758,-0.479601399,1.098860521,-0.589969248,-0.97097521,0.411190947,1.38228836,2.026851739,0.2758156,0.975426978,-0.031121838,-0.580840012,0.43283948,0.970319943,1.102013449,-0.679531828,0.225840927,0.494578451,-1.358494201,-1.241801533,-0.592963876
Protein,KRT14,KRT14_P,3952.586575,2.576541478,-0.890789835,-1.86763982,-0.301686335,0.4447519,0.08018415,-0.790719403,1.33129221,0.988420313,-0.153690384,0.267512362,1.307515224,1.052053744,0.05978034,0.310111421,-0.371861018,0.031856703,0.394980884,-0.541973077,0.537812168,-1.174045901,-0.729778691,-1.439491093,0.512974624,2.138208765,-1.560570179,-0.205614845,-0.751594301,0.39206367,-0.987337059,-0.031856703,1.141635861,0.481648668,-1.344922121,-0.918853295,-0.217952996,-0.84604627,-1.706424447,-0.828218255,-0.674873851,0.220477065,1.012768388,1.199917916,-0.45409182,-0.208878332,-1.53215311,-0.690145275,-0.840927544,1.009330075,-0.54650441,-0.524531464,-1.800448951,1.22311504,0.54183456,-1.6559965,0.890321771,-0.426767749,0.476552274,0.573491292,2.248312767,-0.169756705,2.155486895,-0.705663641,0.150740136,1.540604398,-0.951819802,0.754231265,-0.870529827,0.280798684,-0.824031603,-0.222398779,0.215174205,1.631044762,0.03292464,-0.611832012,1.065702656,0.527647219
Protein,KRT17,KRT17_P,2726.831314,0.865758889,1.420621944,-0.586819659,-0.568393414,-0.01803913,-0.381565457,-0.813086442,1.993147812,0.852721891,-0.321777287,0.566957024,0.525285853,0.548269318,-0.712268216,0.313936862,2.426040374,0.0761238,0.186799145,-1.179005607,0.300425125,-1.169938693,-0.910062312,-1.199764963,0.099213943,2.046415561,-0.744332605,0.634928003,-0.579395141,0.104305606,-0.823484089,-0.444133715,0.855908837,0.320771441,-1.17972431,-0.540860378,-0.356707879,-0.867377783,-1.201434766,-1.295917882,-0.605588405,0.111526526,0.322254314,1.581147067,-1.147066847,-0.819583559,-0.879006268,-1.650055861,-0.446758477,0.219849788,-0.476054046,-1.120076086,-1.285357553,1.067030529,0.338628198,-1.372411479,0.553523872,-0.819075348,0.457842759,-0.148587962,1.781446394,-1.147044585,1.698229609,-0.316958555,0.510319051,0.737040388,-0.758281061,0.01803913,-0.344614985,0.024703617,1.172330316,1.647511761,-0.577686076,1.122683206,0.945032711,-0.768676487,1.210733124,0.177576268
Protein,KRT5,KRT5_P,3975.28299,2.378917131,1.461456262,-1.412616873,-0.358414206,0.528688757,0.057709421,-0.80887773,3.011822011,0.769938538,-0.361845854,0.64445646,1.182904396,0.84326804,-0.456477281,0.971930335,3.007568729,0.082874136,0.58427787,-0.588203468,0.422570326,-1.17801394,-0.71060031,-0.828585457,0.12466377,1.782002777,-0.3774792,-0.63866315,-0.754554006,0.067521198,-0.886026206,-0.569286252,1.118456804,0.354286576,-0.885635362,-0.436929709,-0.211968746,-0.865706193,-0.984112596,-1.046979359,-0.569452945,0.501839296,1.035045295,1.564184364,-1.009235641,-1.197315491,-0.688196422,-0.555657863,-0.603597451,0.131703941,-0.12824128,-0.49090106,-1.318850879,1.268587102,0.104685234,-0.292075925,0.45002637,-0.518721809,0.668123874,0.502196459,2.476903227,-1.135527003,1.889880451,-0.755860037,1.012171823,1.521496227,-0.639584158,1.627245692,-0.726818986,0.234574265,1.182400326,2.367188724,-0.272329587,1.14826504,0.113898741,-0.786334622,-1.529026442,-0.057709421
Protein,MAPT,MAPT_P,3481.476986,-0.605245769,-0.704619356,-0.996061189,0.056190794,1.511618198,-0.737681965,0.042831954,-0.524727325,1.237678329,0.523610136,1.5616807,0.268346279,0.321786894,-0.267293896,-0.696232891,-0.461035253,0.339744705,0.132624848,-0.063306032,2.296342589,-0.222941141,1.104636062,1.369683009,-0.410297221,1.279094319,0.442794645,-1.076079871,-0.8013217,1.180493004,-1.504827917,0.743691027,0.235332509,1.10612087,1.513361624,0.041546035,-1.093237381,-0.241386277,-0.87575145,1.658546086,1.235322251,-0.041546035,1.082123425,-0.337084948,1.295255954,-0.124227601,-0.571538993,-0.138972242,-1.120793013,0.368549753,1.635917333,1.603444843,1.269945392,-0.266165487,0.34630632,-1.573556958,1.662064084,0.86486706,-0.70641347,-0.267414136,0.576705728,1.342645933,-1.039811889,-0.699820195,-0.558813672,0.236817446,0.063641083,-1.149541341,-1.530480788,1.029464085,-0.773886384,-1.146576729,-0.273120029,-0.557884898,-0.823732889,1.443412383,-1.425638536,-0.172178786
Protein,MKI67,MKI67_P,10264.21279,2.265797688,2.829980005,1.570405351,-1.409651318,-1.479278366,-0.18776651,0.737376389,1.538923574,0.232951766,-1.434296362,-0.466378465,-1.453669879,-0.46751005,1.458276673,-0.847142589,0.210730254,-1.482402825,0.50669694,0.201316349,0.509563977,-0.945674197,0.589520103,-1.542314542,-0.770326388,0.675537415,0.627529523,2.857982602,0.138890327,-2.517494309,0.980240562,1.062706794,-1.405892867,-0.612388346,-1.779430859,-0.454683291,-0.628179732,-0.058584788,1.749893597,-0.663770822,-1.492558427,-0.035397693,0.324163289,0.787524237,-2.596219247,0.705736216,0.730861388,-0.463415398,2.524166312,-1.45463882,-0.131974703,-0.007563401,-0.620995283,0.818613416,-1.513097715,1.261571659,0.022783001,-1.178692761,0.54786234,0.007563401,-0.628130211,-1.850177548,-0.395077829,-0.72202225,-0.079731479,0.159716629,0.605952437,1.792932532,-0.15404635,1.732140464,1.358377232,1.31975663,0.625437662,0.743996604,-0.31610048,-1.451314682,-0.964123164,0.362452549
Protein,MLPH,MLPH_P,141000.1295,-1.320178996,-2.822828273,-0.08509427,-1.294492712,0.443358066,1.672297155,0.820632412,-1.902853398,-0.558350127,1.861355639,-0.087384279,-0.15719633,2.149563137,0.848995366,-1.962708257,-1.972084082,0.163267343,1.687125207,1.471112118,1.381143859,1.065567175,1.542478914,-0.009873949,1.257255199,2.527616151,-0.609278135,-0.39478442,-1.186536367,0.906049313,-0.681655325,-0.288657917,-0.178744854,0.009873949,1.335181033,-0.550756049,1.151753966,-1.599678757,0.255390492,1.650076661,0.490256507,0.360119816,1.054698062,-1.981208217,0.47141959,-0.193857789,-0.477111536,-0.665335714,-1.368481909,0.089302804,0.686140019,0.862052117,-0.904287745,-0.392385452,0.51845868,-2.640347708,-0.701319182,-0.131432604,1.082028697,0.574518283,0.780053811,0.401108426,-1.73257437,0.552920218,-0.623796021,0.932818395,-0.010088725,-1.846772064,0.073203883,-0.51822217,-0.347565466,-2.262460268,0.19310392,0.553848794,-2.609453831,-0.243575082,-2.014204242,0.430255208
Protein,NAT1,NAT1_P,8.346776458,-0.628486284,-1.193365421,-0.133863249,0.815315447,0.000578955,-0.525805365,0.029703429,-0.621377966,-0.219790385,1.497149544,1.776889991,1.619946111,0.784375105,1.223944792,-0.57370517,-0.32914621,0.413714989,0.978557488,0.085530363,1.80808133,-0.149064646,0.650851966,-0.052331254,-1.112365988,1.405601937,-0.266103349,-1.122092618,-0.734018452,2.148837691,-0.752745214,-0.087071893,1.170257082,1.16104494,1.522276411,-0.669085734,0.600557781,-1.233592665,0.607879989,-0.487120678,-0.355225604,-0.785694063,1.949731988,-1.046830111,1.902798763,-0.000578955,-0.779867882,0.218053046,-0.834219636,0.26043962,-0.396102706,2.515273563,0.232018029,-0.271034743,-0.870060488,-1.04805088,0.960703615,2.384739007,0.213540831,1.362945762,1.000485462,-0.195518717,-0.625959655,2.553283727,-0.550820492,0.67284712,-0.087567605,-0.973661368,-0.061063437,0.0924492,-0.978602263,-1.256292865,0.170002083,0.169813577,-0.74735454,2.044251497,-0.883621135,0.602611398
Protein,PGR,PGR_P,4959.14781,-0.837426976,-0.921166137,-0.837371786,0.508908605,1.001874413,-1.115081475,0.147602039,-0.786011927,1.336504731,0.390180074,1.578975191,1.086034784,-0.058322812,0.047485436,-0.413803352,-0.367586126,1.880183323,0.614834887,-0.444604916,0.545861295,-0.487289076,1.18912185,1.761555628,-1.164786134,-0.802125109,1.792988955,-0.689878645,-0.665679802,1.847272572,-0.292320593,0.243843939,0.962264095,1.140029952,0.108340734,-0.43330901,0.745470401,-0.094877974,-1.324385706,0.218060834,2.162850047,-0.705338303,0.183301687,-0.391044209,2.468222109,-0.056445002,0.761711535,0.23625363,-0.553793736,-0.065464917,1.364804116,0.663325916,1.115025315,-0.940280609,0.908349594,-2.646250837,-0.516922268,2.078111293,-0.74285036,1.576935071,0.826396265,2.168472048,-0.738522632,0.663704733,-0.783879713,0.587138255,-0.570042754,-0.95219479,-0.707180136,0.123872339,-0.126556473,-0.707194511,-0.358766355,-0.047485436,-0.764440389,1.922975648,-1.214245934,-0.410816554
Protein,PHGDH,PHGDH_P,35416.49789,-0.240240824,1.135876443,0.781431303,-0.266028957,-0.751631274,-0.561982033,0.738662915,0.811857966,-0.742710077,-0.747656979,-0.445073729,-0.213947087,-0.733095165,0.03445127,1.193779534,2.3324906,-1.561363767,-1.303748571,-1.954268848,0.362498386,-0.502593339,1.598154609,-1.386389738,0.410174624,-0.552553117,0.118598821,1.671278781,0.464874888,-0.72982017,2.139956068,1.078369859,0.364137331,-0.744842208,-1.881720355,-0.821728556,-0.03445127,0.28272539,-0.900993216,-1.34763197,-0.075193836,-0.443019083,-0.692005347,0.694458462,-0.787350265,-0.956348123,-0.52762111,2.168421086,0.06130849,0.356777888,0.457076226,-1.039597481,-0.90427379,0.599247815,-0.843577453,0.921769686,0.056513613,0.570140528,-0.953546592,0.379749526,-0.093993747,-0.550207939,0.728940048,0.601936141,0.905176694,-0.221190255,-0.078756576,1.283253471,1.668624117,0.065767696,0.94373387,0.967785387,0.920840624,-0.442325268,0.785003223,-1.141687352,1.071291143,-0.602340691
Protein,RRM2,RRM2_P,12702.62331,0.887116208,0.266295835,0.368788625,-0.35236542,-1.043626585,-0.465575653,-0.016022764,-1.359724846,-0.350029734,-2.273391076,0.309350149,0.573568398,-0.161616492,1.982323474,-1.577965843,1.248715905,0.616599946,1.629253003,-0.881404509,0.685086178,0.016022764,0.718189507,-1.228296219,0.805382737,-0.137261553,1.387979796,0.852354453,0.748946124,-0.880037855,-1.32735143,-0.273281663,-0.410997582,-1.286592546,-1.395413767,-0.379953988,-0.665426673,-0.745455321,0.614092115,-0.763860669,0.164179387,0.618428138,0.23318024,-0.038575486,-2.444188277,0.019316968,0.539621873,-0.195543177,-0.31927163,-0.082402006,-0.735917671,-0.23159661,-0.296811546,-1.025123812,-1.611667568,0.31175974,2.218465541,1.223858958,-0.02089414,0.894618246,-1.07028911,-1.793986335,-0.233920536,0.808960221,1.245580792,1.45056731,2.230791841,0.800891495,1.412887941,0.528710539,0.613342784,1.358319383,1.65380449,-0.05213183,0.148372417,-0.382800841,-0.922774373,1.171920996
Protein,SFRP1,SFRP1_P,8030.685116,0.514648919,2.895637344,-1.211797553,0.943138141,0.730793632,0.521420867,-0.01212736,0.801590471,0.477481184,2.194936702,-0.535639584,1.319775942,0.747079051,1.069861148,2.36649889,1.343225571,-0.466299987,-0.309357634,-0.924431673,-0.490597147,-1.226173951,-1.741008137,-0.423402955,-0.156659412,-0.606540841,-0.317917813,0.353854084,-0.962870118,-0.761820359,3.301742765,-2.251312909,2.777143934,-0.220063639,-0.988890843,-0.09034401,0.303827896,1.936936272,-0.424935581,-1.440574431,-0.747107839,-0.663786134,-0.405924486,1.751785694,-2.638274145,-0.427240197,-1.690282189,1.664955121,1.066969848,0.01212736,-0.692325762,-0.855324702,-1.292842609,2.570679699,0.125552342,-0.457514599,0.340541787,-0.32548006,-0.021899477,1.82142538,2.709525836,-0.381551125,3.073997029,-0.489090383,-1.184508321,0.725284418,-0.734293942,1.969920819,0.583240766,0.065734777,0.193296219,1.99834484,0.70371981,-1.084322666,0.526080541,0.09206143,1.392602669,-0.201036205
Protein,UBE2C,UBE2C_P,16758.55438,1.23806478,0.994120182,0.425127417,-0.78567331,-1.375791151,-0.514632446,0.939744408,0.201320464,-0.572952981,-1.670835961,-0.746148579,0.07634706,-1.191756234,0.451130033,-1.04664448,0.699332887,0.246303871,1.317695726,-1.024498406,0.220799183,0.169994503,1.777953622,-0.705838092,0.353908867,-0.931089654,2.254528517,0.015994707,0.871280459,-1.364232955,-1.075979459,0.570101109,-1.554487302,-1.295282835,-1.769884606,-0.360012699,-0.52639559,0.829794481,0.846053186,-0.888343131,-0.45431303,-0.536667507,-0.091954401,0.397238607,-1.444896949,-0.821579998,0.236354171,-0.563774601,1.269291633,-0.704875568,-0.832825625,-1.040487805,-0.562139359,-1.49857061,-0.699150814,0.544473433,0.788823971,2.688834199,-0.414887803,0.153663375,-0.015994707,-1.122193502,0.02159563,0.391317467,1.360945734,1.450467226,0.276523209,-0.9677511,1.677245499,0.575326258,-0.274424918,0.875926253,0.735224414,0.245266302,-0.248293806,-0.392436324,-0.219543554,0.802199613
Protein,UBE2T,UBE2T_P,67978.71755,2.236986871,2.053070877,0.633117125,-0.177671446,-1.677175812,-0.436542629,0.898447945,-0.659583523,0.253210836,-2.194447924,-0.769295046,-0.06932568,-0.434539053,1.706952855,-1.035139296,1.838860583,0.992215993,0.540123891,-0.928899438,0.481882727,-0.541903135,1.536155692,-0.240907123,-0.419735738,-0.545217807,2.363582389,-0.709670129,-0.420528412,-0.732173395,-0.392554541,0.517836288,-1.775767294,-0.719751476,-1.622220926,-0.238008158,-0.545811792,2.965669184,0.899346517,-1.466328459,0.20387746,0.166602651,0.196401687,1.904452579,-1.674408261,-2.161294888,-0.383408408,-0.970490194,1.044026904,-1.288556219,-0.609035888,-0.272519325,0.784449805,-0.395455509,-0.705153583,0.80386203,-0.349912201,3.178773736,1.052301248,0.452212007,0.114874923,-2.039735991,0.06932568,0.779761508,1.678163953,0.749199598,0.84665486,-0.503475563,1.191185516,1.634157631,0.103665777,1.345610197,0.763594479,-0.165500805,-0.303357776,-1.497713954,0.218608735,0.47047697
Protein,BCL2,BCL2_P,1011.889116,-1.388684835,-1.543305612,1.465827115,1.987112987,0.493096472,-2.306281624,0.320889813,-0.227284047,0.029847784,-0.187326661,1.345564561,0.869958554,1.007031945,-1.352369668,-0.53201162,-1.591681432,2.056538029,0.087965675,0.648579881,3.27783066,-0.286915351,-0.235897915,-0.427920115,-2.636878902,2.889005816,-3.83851545,-1.39124081,1.471144937,1.324600721,-0.37139851,-0.06269088,0.484791416,0.469520732,1.456310836,-2.169949948,-0.014051041,0.002960015,-0.002960015,2.035774077,-0.663751313,-0.50896693,-0.215505301,-1.333288101,2.051912439,0.353237333,0.89777681,-0.727459916,0.17748936,-0.542632877,-1.055876956,1.218416053,1.04529128,1.416015586,0.554943959,-1.889776289,1.112699766,1.300311072,0.399591171,0.2217065,0.550873243,0.753913077,0.06473603,-0.085847093,-0.224744021,-0.328857825,0.08273244,-0.09294619,-0.57712645,-0.953451605,-1.597332624,-2.645517126,-1.366435836,-1.667394659,0.126774729,-1.105119735,0.470595263,-0.591065343
Protein,CDC20,CDC20_P,1907.883512,1.878011419,1.77715242,-0.419993107,-2.732610649,-1.792279001,0.071718153,-0.140306446,0.587871006,0.722408526,-0.753797029,-0.234826452,-0.511157471,-0.580563345,0.112078444,1.30880699,1.857530829,-0.741263931,0.049603197,-0.405095178,-0.411248589,0.209749667,1.706933684,0.22936486,-0.029730514,-1.336245988,0.685230989,0.898914897,0.481133897,-2.643211794,0.70594252,0.657834454,-2.820293914,-0.692352253,-1.203413945,0.029730514,-0.740109061,-0.152259574,0.754428131,-1.179875862,-0.894703781,0.206185072,0.445092208,1.368903745,-1.59420181,-0.249694424,0.204857087,0.790830839,1.624846475,-1.568424429,-0.362852046,1.723833634,-0.423880872,-1.219571416,-0.504095391,1.504438074,-1.510495718,0.909629094,0.300113393,0.198414653,-0.573011464,-1.327521734,0.757650615,-0.843795341,0.599665396,1.494389033,0.467877913,1.187086491,-3.142501059,0.30694223,1.035783467,1.398163349,-0.863795537,-0.914220395,-0.459299756,-2.503330542,-0.375262386,-0.050109472
Protein,TYMS,TYMS_P,19603.28002,-0.136014484,5.064653873,1.293409273,-1.827083273,-1.305667594,-0.106917647,0.711677319,1.126037631,-1.674790786,-2.183713332,-0.180383678,-0.992662226,-0.212992625,-0.091651915,0.743243629,0.650075747,1.56102478,1.813197372,0.236346033,-0.076589148,-1.13812833,2.12389597,-0.834422928,0.104367587,-0.440860785,-0.195387321,0.993818533,0.052257235,-1.589245767,-0.704040553,1.38941028,-0.277125807,-0.924112279,-0.726185706,-0.18913715,-0.047364842,2.84428225,1.034229349,-0.750268243,0.142591047,-0.704476128,-0.94600566,-0.586817524,-2.548887138,0.229442266,0.285713669,0.845287248,3.060485278,-0.589916278,0.441333853,0.692813993,0.100284733,-0.648508972,-0.35081731,2.046015019,0.486737889,2.616738237,-1.520693101,0.477118373,-0.673191099,-0.891111094,1.170269842,-0.055139483,0.491963095,1.027635555,0.738129364,1.222818914,-1.027997061,0.187573174,3.323547457,1.306339168,0.246884575,0.047364842,-0.417406475,-1.008173034,-2.228299201,-1.214478285
Protein,CCNB1,CCNB1_P,1855.966145,1.548098016,1.772893934,-0.097465204,-1.967749045,-1.630219704,-1.008265692,0.711171206,0.773252479,0.745349183,-1.873638109,-0.670806017,-1.338006029,-0.617051799,0.641853801,0.009007324,2.131125053,0.541435814,0.56790371,-0.062083107,0.423081806,-1.266656766,1.946173903,-0.22050462,-0.8875993,0.121527799,1.373659123,-0.079570436,0.364722745,-1.549721625,1.267508251,1.466818713,-1.208899821,-0.891384097,-1.145072577,-0.466946722,-0.380007318,0.651231555,0.802843236,-1.56510358,-1.049126429,0.710643818,2.405289965,1.251293851,-0.652114857,-0.573720783,-0.607941609,-1.253837333,0.64006631,-0.73602381,-0.192524757,-0.100346815,-0.866367457,-1.324862777,0.279962518,0.843624144,0.194095797,1.790502325,-1.373902659,0.38615109,-0.429261242,-0.897970835,0.168189424,0.66840006,1.736510823,0.435717833,0.98270172,-0.147263671,0.209041292,0.328745487,0.915383456,1.185982632,0.782178412,-0.009007324,-0.72616382,-2.426548253,-0.637895455,-0.03169372
Protein,MMP11,MMP11_P,8117.454246,-0.917005061,1.534544713,-1.515112062,0.523079772,0.03130892,-1.777473483,0.070791337,-2.316485389,1.859714495,0.453009373,1.285906736,0.64709389,-0.985939809,-0.710900333,-2.149570039,-0.968067553,0.861726447,0.70973936,-0.67716166,-1.121983662,1.351678968,0.12020037,-0.161161426,-2.009262273,0.697443499,0.011197075,-0.011197075,0.390054183,0.817026569,-0.723453537,-0.535380538,-0.43955295,0.630733284,-0.527198547,0.064988829,-1.59911944,0.427420444,0.996140972,-0.358877748,-1.093390761,0.368821103,-1.830389618,-1.183906362,-2.306576868,-1.0865302,-1.292142723,-0.191517601,-0.434121879,0.449095178,1.148117469,0.952858014,-1.542187577,1.342850707,-0.718322961,-1.016092515,0.025792985,1.36198424,0.289531225,-1.008048666,-0.648328442,-0.295262601,-0.024730283,0.576328223,0.48149638,0.760417919,-1.162631727,-1.018425002,0.758298978,0.77816382,-0.757919456,1.320400788,-0.149598167,0.013846423,0.359637958,0.340757588,-1.319260735,0.370914205
Protein,CEP55,CEP55_P,173419.1675,1.12221048,-0.046121356,0.219069049,-4.329112505,-0.730666651,-0.583250433,0.859027354,0.104109138,0.558410273,-2.523119954,0.567179463,-1.386625511,-0.248876291,0.957508973,-0.774623388,1.342436786,-0.171080771,1.467373967,-0.855081945,-0.068122138,-1.151234409,0.509104787,-0.998562843,-0.533614532,-0.914772821,0.27651758,1.466029683,-0.30155778,-2.23671535,0.184396374,0.207758268,-2.829220476,-0.670893469,-0.711981096,0.239252115,-1.235127691,0.865610915,0.483245987,-1.759341983,-1.280597383,-0.288331802,0.570317439,1.835840134,-1.88197747,0.322819294,0.279653821,-3.075587929,0.046121356,-1.195537122,0.151336145,-0.750706342,0.206904009,-0.97861483,-0.377350681,0.658844181,0.713629058,2.629955501,0.137270344,0.530311367,-0.308356617,-1.223980527,-0.208931812,-2.060214912,2.083076521,1.254458296,1.495075212,-0.159921829,-4.282474299,1.786616726,0.870785411,1.51303931,-0.321681236,0.64705668,-1.79976167,-0.708310624,0.85763644,0.32501807
Protein,CXXC5,CXXC5_P,99304.90488,-0.658617909,-1.83581023,-0.405271033,-0.015894621,0.319535779,0.313962582,0.063448108,-0.828369348,0.952962781,0.750276199,1.689754903,-0.457505882,1.063354615,-0.528292503,-0.837103085,-1.019609235,1.752449084,2.043780806,1.319974402,1.241396371,0.199563136,0.791067651,1.074623309,-0.204975691,0.219331131,-2.388812428,-0.273767415,1.465145971,0.524747253,-1.422244988,-0.008129498,-0.376701351,1.324688368,1.539255465,-0.455049694,0.797832928,-0.794909335,0.138834692,1.07307752,0.910344081,0.006528823,1.579695239,-0.915985518,1.085929274,0.596022494,-0.74407875,-1.894790357,-0.492552355,0.713751705,0.160640112,-3.093029387,0.200811106,-0.500427265,-0.022759948,-2.062955012,0.440378248,0.737294243,0.285675214,-0.177817376,-0.336434649,1.453483913,-0.643284626,-0.179349606,-0.948987088,0.198213076,-0.347448581,-0.763673636,-0.006528823,-0.850779768,-0.851126256,-0.722668547,-3.631110881,0.541506743,-0.404827788,0.481033927,-1.324540345,1.267892614
Protein,CDH3,CDH3_P,2184.868709,1.81771341,2.314844609,-1.685652797,0.28178812,-0.03891234,0.080052343,-1.204427477,-0.944651848,0.195360333,0.943351164,-0.494654491,1.166910495,-2.175184445,-0.398565802,0.107816274,1.291178816,-1.209293407,-0.158430417,-0.462436403,0.510931261,-0.759475285,1.561102296,0.543408258,-0.273574735,0.714956121,-0.509588751,0.862849352,-0.399205762,0.260692282,2.44113311,-0.778463733,0.290472987,-0.018937634,-1.919768931,1.656620226,-0.359085738,0.106859946,-0.852127656,-0.957064584,-1.240710402,0.571021882,0.379792013,1.038474664,-1.21808971,-1.735516056,-1.087726266,1.372096757,1.753189613,-0.721897708,0.009801155,0.265275911,-1.399580684,1.553240896,-0.976030823,2.300308012,-2.611388899,-0.36905225,-0.31446427,0.074984702,-0.631326785,-0.383357643,1.916904398,-1.122186901,2.651282505,0.124126396,-0.656752542,3.088422655,0.639198416,-0.120275545,1.536654242,3.33210021,-0.244189507,-0.009801155,2.668293498,-0.185272244,0.331231385,-0.102912571
Protein,SLC39A6,SLC39A6_P,67551.36636,-0.959338988,-0.309282188,0.390032504,-0.947822643,-0.212760943,-0.121550965,-0.212036263,-0.984156443,-0.939836989,-1.302417474,0.898592544,-1.908890168,2.13380048,-0.675805841,0.178612154,-1.467228739,1.215344433,1.219892695,0.907970311,2.406265714,-0.902892756,0.623017711,-1.591214361,0.050504349,2.233009225,-0.247443349,-0.677162068,-0.254223266,1.176159036,0.921860978,-0.091177693,-0.814223584,0.005601294,0.157982107,0.335928462,0.539178486,1.567405428,0.732043808,2.273149998,-0.0573131,-0.742917016,0.800331977,-0.054895143,4.0075012,-0.667815833,0.251526161,-3.803079415,-0.085561375,0.315379303,0.726068521,-1.522090418,0.167524835,-0.311672201,1.776626118,-0.316522242,0.467987009,-0.853973246,-0.305933498,1.515820424,0.738455977,1.166625432,-0.005601294,0.336608567,0.470991382,-1.540719438,2.226614049,0.876403016,-1.263183021,-0.465042176,-0.557057397,-0.906070364,0.915729299,-1.289904182,-1.008349834,0.730963955,-0.037937084,0.527813516